Product URL,Product Name,Product Price,Rating,Number of Reviews
/sspa/click?ie=UTF8&spc=MTo4MDYxNjgzMzI5ODAyNTk3OjE2OTI2NDIxODc6c3BfYXRmOjIwMDYzNzg0NDU4Mzk4OjowOjo&url=%2Fuppercase-Backpack-2300EBP1-repellent-sustainable%2Fdp%2FB0B69M182Q%2Fref%3Dsr_1_1_sspa%3Fcrid%3D2M096C61O4MLT%26keywords%3Dbags%26qid%3D1692642187%26sprefix%3Dba%252Caps%252C283%26sr%3D8-1-spons%26sp_csd%3Dd2lkZ2V0TmFtZT1zcF9hdGY%26psc%3D1,"uppercase Medium 17 Ltrs Vegan Leather (upto 14 inch) Laptop Backpack 2300EBP1 3x more water resistant sustainable bags with rain proof zippers for Men, Women, Boys and Girls, 750 Days warranty","1,600",4.0,540
/sspa/click?ie=UTF8&spc=MTo4MDYxNjgzMzI5ODAyNTk3OjE2OTI2NDIxODc6c3BfYXRmOjMwMDAzMTEyMzAzNDIzMjo6MDo6&url=%2FPromate-Messenger-Water-Resistant-Detachable-Anti-Theft%2Fdp%2FB07FDXXL2L%2Fref%3Dsr_1_2_sspa%3Fcrid%3D2M096C61O4MLT%26keywords%3Dbags%26qid%3D1692642187%26sprefix%3Dba%252Caps%252C283%26sr%3D8-2-spons%26sp_csd%3Dd2lkZ2V0TmFtZT1zcF9hdGY%26psc%3D1,"Promate Akita-MB 16"" Laptop Messenger Bag, Premium Water-Resistant Shoulder Bag with Secure Quick Access Pocket, Detachable String and Anti-Theft Pocket for Laptops, Documents (Black)","1,999",5.0,5
/sspa/click?ie=UTF8&spc=MTo4MDYxNjgzMzI5ODAyNTk3OjE2OTI2NDIxODc6c3BfbXRmOjMwMDAxMjMzOTQzMjgzMjo6MDo6&url=%2FHOEXL-Expandable-Laptop-Backpack-Water-resistant%2Fdp%2FB0C3J2RLHP%2Fref%3Dsr_1_11_sspa%3Fcrid%3D2M096C61O4MLT%26keywords%3Dbags%26qid%3D1692642187%26sprefix%3Dba%252Caps%252C283%26sr%3D8-11-spons%26sp_csd%3Dd2lkZ2V0TmFtZT1zcF9tdGY%26psc%3D1,"HOEXL 42L Expandable Laptop Backpack - Premium Laptop Backpacks for Men, Women for Travel, School, College - Tech Bag with USB - Bagpacker Bag for Men, 17 inch Laptop Bags for Multipurpose with Water-resistant, Smart Bag with Multiple Compartments","2,699",5.0,33
/sspa/click?ie=UTF8&spc=MTo4MDYxNjgzMzI5ODAyNTk3OjE2OTI2NDIxODc6c3BfbXRmOjIwMTI3NjgzODcyMzk4OjowOjo&url=%2FUPPERCASE-Professional-Backpack-resistant-sustainable%2Fdp%2FB0BXFDK5J2%2Fref%3Dsr_1_12_sspa%3Fcrid%3D2M096C61O4MLT%26keywords%3Dbags%26qid%3D1692642187%26sprefix%3Dba%252Caps%252C283%26sr%3D8-12-spons%26sp_csd%3Dd2lkZ2V0TmFtZT1zcF9tdGY%26psc%3D1,"uppercase 26 Ltrs Ryder Professional Laptop Backpack (15.6 Inch) 3x more water resistant sustainable bags with rain proof zippers for Men, Women, Boys and Girls, 750 Days warranty","2,400",4.3,78
/sspa/click?ie=UTF8&spc=MTo4MDYxNjgzMzI5ODAyNTk3OjE2OTI2NDIxODc6c3BfYnRmOjIwMTI1ODk5OTIwNjk4OjowOjo&url=%2FUppercase-Professional-Backpack-Resistant-Sustainable%2Fdp%2FB0BWNBQXDZ%2Fref%3Dsr_1_21_sspa%3Fcrid%3D2M096C61O4MLT%26keywords%3Dbags%26qid%3D1692642187%26sprefix%3Dba%252Caps%252C283%26sr%3D8-21-spons%26sp_csd%3Dd2lkZ2V0TmFtZT1zcF9idGY%26psc%3D1,"uppercase Apex Professional Laptop Backpack (15.6 Inch) 3x more water resistant sustainable bags with rain proof zippers for Men, Women, Boys and Girls, 750 Days warranty","1,800",4.4,89
/sspa/click?ie=UTF8&spc=MTo4MDYxNjgzMzI5ODAyNTk3OjE2OTI2NDIxODc6c3BfYnRmOjIwMTQ1OTk1NzYyMTk4OjowOjo&url=%2FHalf-Moon-Curiosity-Backpack-Resistant%2Fdp%2FB09S3ZK3N1%2Fref%3Dsr_1_22_sspa%3Fcrid%3D2M096C61O4MLT%26keywords%3Dbags%26qid%3D1692642187%26sprefix%3Dba%252Caps%252C283%26sr%3D8-22-spons%26sp_csd%3Dd2lkZ2V0TmFtZT1zcF9idGY%26psc%3D1,"Half Moon Curiosity 35L Water Resistant 15.6"" Laptop Bag for Men/Backpack for Men, Black | Office Bag for Men/Office Bag for Women with Padded Laptop Compartment | Rain Cover & Slim Durable Backpack",849,3.8,190
/sspa/click?ie=UTF8&spc=MTo2NzUxNjUxNTk4OTYyNTk3OjE2OTI2NDIxOTE6c3BfYXRmOjIwMDYzNzg0NDU4Mzk4OjowOjo&url=%2Fuppercase-Backpack-2300EBP1-repellent-sustainable%2Fdp%2FB0B69M182Q%2Fref%3Dsr_1_1_sspa%3Fcrid%3D2M096C61O4MLT%26keywords%3Dbags%26qid%3D1692642191%26sprefix%3Dba%252Caps%252C283%26sr%3D8-1-spons%26sp_csd%3Dd2lkZ2V0TmFtZT1zcF9hdGY%26psc%3D1,"uppercase Medium 17 Ltrs Vegan Leather (upto 14 inch) Laptop Backpack 2300EBP1 3x more water resistant sustainable bags with rain proof zippers for Men, Women, Boys and Girls, 750 Days warranty","1,600",4.0,540
/sspa/click?ie=UTF8&spc=MTo2NzUxNjUxNTk4OTYyNTk3OjE2OTI2NDIxOTE6c3BfYXRmOjMwMDAzMTEyMzAzNDIzMjo6MDo6&url=%2FPromate-Messenger-Water-Resistant-Detachable-Anti-Theft%2Fdp%2FB07FDXXL2L%2Fref%3Dsr_1_2_sspa%3Fcrid%3D2M096C61O4MLT%26keywords%3Dbags%26qid%3D1692642191%26sprefix%3Dba%252Caps%252C283%26sr%3D8-2-spons%26sp_csd%3Dd2lkZ2V0TmFtZT1zcF9hdGY%26psc%3D1,"Promate Akita-MB 16"" Laptop Messenger Bag, Premium Water-Resistant Shoulder Bag with Secure Quick Access Pocket, Detachable String and Anti-Theft Pocket for Laptops, Documents (Black)","1,999",5.0,5
/sspa/click?ie=UTF8&spc=MTo2NzUxNjUxNTk4OTYyNTk3OjE2OTI2NDIxOTE6c3BfbXRmOjMwMDAxMjMzOTQzMjgzMjo6MDo6&url=%2FHOEXL-Expandable-Laptop-Backpack-Water-resistant%2Fdp%2FB0C3J2RLHP%2Fref%3Dsr_1_11_sspa%3Fcrid%3D2M096C61O4MLT%26keywords%3Dbags%26qid%3D1692642191%26sprefix%3Dba%252Caps%252C283%26sr%3D8-11-spons%26sp_csd%3Dd2lkZ2V0TmFtZT1zcF9tdGY%26psc%3D1,"HOEXL 42L Expandable Laptop Backpack - Premium Laptop Backpacks for Men, Women for Travel, School, College - Tech Bag with USB - Bagpacker Bag for Men, 17 inch Laptop Bags for Multipurpose with Water-resistant, Smart Bag with Multiple Compartments","2,699",5.0,33
/sspa/click?ie=UTF8&spc=MTo2NzUxNjUxNTk4OTYyNTk3OjE2OTI2NDIxOTE6c3BfbXRmOjIwMTI3NjgzODcyMzk4OjowOjo&url=%2FUPPERCASE-Professional-Backpack-resistant-sustainable%2Fdp%2FB0BXFDK5J2%2Fref%3Dsr_1_12_sspa%3Fcrid%3D2M096C61O4MLT%26keywords%3Dbags%26qid%3D1692642191%26sprefix%3Dba%252Caps%252C283%26sr%3D8-12-spons%26sp_csd%3Dd2lkZ2V0TmFtZT1zcF9tdGY%26psc%3D1,"uppercase 26 Ltrs Ryder Professional Laptop Backpack (15.6 Inch) 3x more water resistant sustainable bags with rain proof zippers for Men, Women, Boys and Girls, 750 Days warranty","2,400",4.3,78
/sspa/click?ie=UTF8&spc=MTo2NzUxNjUxNTk4OTYyNTk3OjE2OTI2NDIxOTE6c3BfYnRmOjIwMTI1ODk5OTIwNjk4OjowOjo&url=%2FUppercase-Professional-Backpack-Resistant-Sustainable%2Fdp%2FB0BWNBQXDZ%2Fref%3Dsr_1_21_sspa%3Fcrid%3D2M096C61O4MLT%26keywords%3Dbags%26qid%3D1692642191%26sprefix%3Dba%252Caps%252C283%26sr%3D8-21-spons%26sp_csd%3Dd2lkZ2V0TmFtZT1zcF9idGY%26psc%3D1,"uppercase Apex Professional Laptop Backpack (15.6 Inch) 3x more water resistant sustainable bags with rain proof zippers for Men, Women, Boys and Girls, 750 Days warranty","1,800",4.4,89
/sspa/click?ie=UTF8&spc=MTo2NzUxNjUxNTk4OTYyNTk3OjE2OTI2NDIxOTE6c3BfYnRmOjIwMTQ1OTk1NzYyMTk4OjowOjo&url=%2FHalf-Moon-Curiosity-Backpack-Resistant%2Fdp%2FB09S3ZK3N1%2Fref%3Dsr_1_22_sspa%3Fcrid%3D2M096C61O4MLT%26keywords%3Dbags%26qid%3D1692642191%26sprefix%3Dba%252Caps%252C283%26sr%3D8-22-spons%26sp_csd%3Dd2lkZ2V0TmFtZT1zcF9idGY%26psc%3D1,"Half Moon Curiosity 35L Water Resistant 15.6"" Laptop Bag for Men/Backpack for Men, Black | Office Bag for Men/Office Bag for Women with Padded Laptop Compartment | Rain Cover & Slim Durable Backpack",849,3.8,190
/sspa/click?ie=UTF8&spc=MToyNDY5ODAyMDkzNjg2NTk3OjE2OTI2NDIxOTQ6c3BfYXRmOjIwMDYzNzg0NDU4Mzk4OjowOjo&url=%2Fuppercase-Backpack-2300EBP1-repellent-sustainable%2Fdp%2FB0B69M182Q%2Fref%3Dsr_1_1_sspa%3Fcrid%3D2M096C61O4MLT%26keywords%3Dbags%26qid%3D1692642194%26sprefix%3Dba%252Caps%252C283%26sr%3D8-1-spons%26sp_csd%3Dd2lkZ2V0TmFtZT1zcF9hdGY%26psc%3D1,"uppercase Medium 17 Ltrs Vegan Leather (upto 14 inch) Laptop Backpack 2300EBP1 3x more water resistant sustainable bags with rain proof zippers for Men, Women, Boys and Girls, 750 Days warranty","1,600",4.0,540
/sspa/click?ie=UTF8&spc=MToyNDY5ODAyMDkzNjg2NTk3OjE2OTI2NDIxOTQ6c3BfYXRmOjMwMDAzMTEyMzAzNDIzMjo6MDo6&url=%2FPromate-Messenger-Water-Resistant-Detachable-Anti-Theft%2Fdp%2FB07FDXXL2L%2Fref%3Dsr_1_2_sspa%3Fcrid%3D2M096C61O4MLT%26keywords%3Dbags%26qid%3D1692642194%26sprefix%3Dba%252Caps%252C283%26sr%3D8-2-spons%26sp_csd%3Dd2lkZ2V0TmFtZT1zcF9hdGY%26psc%3D1,"Promate Akita-MB 16"" Laptop Messenger Bag, Premium Water-Resistant Shoulder Bag with Secure Quick Access Pocket, Detachable String and Anti-Theft Pocket for Laptops, Documents (Black)","1,999",5.0,5
/sspa/click?ie=UTF8&spc=MToyNDY5ODAyMDkzNjg2NTk3OjE2OTI2NDIxOTQ6c3BfbXRmOjMwMDAxMjMzOTQzMjgzMjo6MDo6&url=%2FHOEXL-Expandable-Laptop-Backpack-Water-resistant%2Fdp%2FB0C3J2RLHP%2Fref%3Dsr_1_11_sspa%3Fcrid%3D2M096C61O4MLT%26keywords%3Dbags%26qid%3D1692642194%26sprefix%3Dba%252Caps%252C283%26sr%3D8-11-spons%26sp_csd%3Dd2lkZ2V0TmFtZT1zcF9tdGY%26psc%3D1,"HOEXL 42L Expandable Laptop Backpack - Premium Laptop Backpacks for Men, Women for Travel, School, College - Tech Bag with USB - Bagpacker Bag for Men, 17 inch Laptop Bags for Multipurpose with Water-resistant, Smart Bag with Multiple Compartments","2,699",5.0,33
/sspa/click?ie=UTF8&spc=MToyNDY5ODAyMDkzNjg2NTk3OjE2OTI2NDIxOTQ6c3BfbXRmOjIwMTI3NjgzODcyMzk4OjowOjo&url=%2FUPPERCASE-Professional-Backpack-resistant-sustainable%2Fdp%2FB0BXFDK5J2%2Fref%3Dsr_1_12_sspa%3Fcrid%3D2M096C61O4MLT%26keywords%3Dbags%26qid%3D1692642194%26sprefix%3Dba%252Caps%252C283%26sr%3D8-12-spons%26sp_csd%3Dd2lkZ2V0TmFtZT1zcF9tdGY%26psc%3D1,"uppercase 26 Ltrs Ryder Professional Laptop Backpack (15.6 Inch) 3x more water resistant sustainable bags with rain proof zippers for Men, Women, Boys and Girls, 750 Days warranty","2,400",4.3,78
/sspa/click?ie=UTF8&spc=MToyNDY5ODAyMDkzNjg2NTk3OjE2OTI2NDIxOTQ6c3BfYnRmOjIwMTI1ODk5OTIwNjk4OjowOjo&url=%2FUppercase-Professional-Backpack-Resistant-Sustainable%2Fdp%2FB0BWNBQXDZ%2Fref%3Dsr_1_21_sspa%3Fcrid%3D2M096C61O4MLT%26keywords%3Dbags%26qid%3D1692642194%26sprefix%3Dba%252Caps%252C283%26sr%3D8-21-spons%26sp_csd%3Dd2lkZ2V0TmFtZT1zcF9idGY%26psc%3D1,"uppercase Apex Professional Laptop Backpack (15.6 Inch) 3x more water resistant sustainable bags with rain proof zippers for Men, Women, Boys and Girls, 750 Days warranty","1,800",4.4,89
/sspa/click?ie=UTF8&spc=MToyNDY5ODAyMDkzNjg2NTk3OjE2OTI2NDIxOTQ6c3BfYnRmOjIwMTQ1OTk1NzYyMTk4OjowOjo&url=%2FHalf-Moon-Curiosity-Backpack-Resistant%2Fdp%2FB09S3ZK3N1%2Fref%3Dsr_1_22_sspa%3Fcrid%3D2M096C61O4MLT%26keywords%3Dbags%26qid%3D1692642194%26sprefix%3Dba%252Caps%252C283%26sr%3D8-22-spons%26sp_csd%3Dd2lkZ2V0TmFtZT1zcF9idGY%26psc%3D1,"Half Moon Curiosity 35L Water Resistant 15.6"" Laptop Bag for Men/Backpack for Men, Black | Office Bag for Men/Office Bag for Women with Padded Laptop Compartment | Rain Cover & Slim Durable Backpack",849,3.8,190
/sspa/click?ie=UTF8&spc=MTo1OTQwNTE2NDY1Nzg5NTk3OjE2OTI2NDIxOTc6c3BfYXRmOjIwMDYzNzg0NDU4Mzk4OjowOjo&url=%2Fuppercase-Backpack-2300EBP1-repellent-sustainable%2Fdp%2FB0B69M182Q%2Fref%3Dsr_1_1_sspa%3Fcrid%3D2M096C61O4MLT%26keywords%3Dbags%26qid%3D1692642197%26sprefix%3Dba%252Caps%252C283%26sr%3D8-1-spons%26sp_csd%3Dd2lkZ2V0TmFtZT1zcF9hdGY%26psc%3D1,"uppercase Medium 17 Ltrs Vegan Leather (upto 14 inch) Laptop Backpack 2300EBP1 3x more water resistant sustainable bags with rain proof zippers for Men, Women, Boys and Girls, 750 Days warranty","1,600",4.0,540
/sspa/click?ie=UTF8&spc=MTo1OTQwNTE2NDY1Nzg5NTk3OjE2OTI2NDIxOTc6c3BfYXRmOjMwMDAzMTEyMzAzNDIzMjo6MDo6&url=%2FPromate-Messenger-Water-Resistant-Detachable-Anti-Theft%2Fdp%2FB07FDXXL2L%2Fref%3Dsr_1_2_sspa%3Fcrid%3D2M096C61O4MLT%26keywords%3Dbags%26qid%3D1692642197%26sprefix%3Dba%252Caps%252C283%26sr%3D8-2-spons%26sp_csd%3Dd2lkZ2V0TmFtZT1zcF9hdGY%26psc%3D1,"Promate Akita-MB 16"" Laptop Messenger Bag, Premium Water-Resistant Shoulder Bag with Secure Quick Access Pocket, Detachable String and Anti-Theft Pocket for Laptops, Documents (Black)","1,999",5.0,5
/sspa/click?ie=UTF8&spc=MTo1OTQwNTE2NDY1Nzg5NTk3OjE2OTI2NDIxOTc6c3BfbXRmOjMwMDAxMjMzOTQzMjgzMjo6MDo6&url=%2FHOEXL-Expandable-Laptop-Backpack-Water-resistant%2Fdp%2FB0C3J2RLHP%2Fref%3Dsr_1_11_sspa%3Fcrid%3D2M096C61O4MLT%26keywords%3Dbags%26qid%3D1692642197%26sprefix%3Dba%252Caps%252C283%26sr%3D8-11-spons%26sp_csd%3Dd2lkZ2V0TmFtZT1zcF9tdGY%26psc%3D1,"HOEXL 42L Expandable Laptop Backpack - Premium Laptop Backpacks for Men, Women for Travel, School, College - Tech Bag with USB - Bagpacker Bag for Men, 17 inch Laptop Bags for Multipurpose with Water-resistant, Smart Bag with Multiple Compartments","2,699",5.0,33
/sspa/click?ie=UTF8&spc=MTo1OTQwNTE2NDY1Nzg5NTk3OjE2OTI2NDIxOTc6c3BfbXRmOjIwMTI3NjgzODcyMzk4OjowOjo&url=%2FUPPERCASE-Professional-Backpack-resistant-sustainable%2Fdp%2FB0BXFDK5J2%2Fref%3Dsr_1_12_sspa%3Fcrid%3D2M096C61O4MLT%26keywords%3Dbags%26qid%3D1692642197%26sprefix%3Dba%252Caps%252C283%26sr%3D8-12-spons%26sp_csd%3Dd2lkZ2V0TmFtZT1zcF9tdGY%26psc%3D1,"uppercase 26 Ltrs Ryder Professional Laptop Backpack (15.6 Inch) 3x more water resistant sustainable bags with rain proof zippers for Men, Women, Boys and Girls, 750 Days warranty","2,400",4.3,78
/sspa/click?ie=UTF8&spc=MTo1OTQwNTE2NDY1Nzg5NTk3OjE2OTI2NDIxOTc6c3BfYnRmOjIwMTI1ODk5OTIwNjk4OjowOjo&url=%2FUppercase-Professional-Backpack-Resistant-Sustainable%2Fdp%2FB0BWNBQXDZ%2Fref%3Dsr_1_21_sspa%3Fcrid%3D2M096C61O4MLT%26keywords%3Dbags%26qid%3D1692642197%26sprefix%3Dba%252Caps%252C283%26sr%3D8-21-spons%26sp_csd%3Dd2lkZ2V0TmFtZT1zcF9idGY%26psc%3D1,"uppercase Apex Professional Laptop Backpack (15.6 Inch) 3x more water resistant sustainable bags with rain proof zippers for Men, Women, Boys and Girls, 750 Days warranty","1,800",4.4,89
/sspa/click?ie=UTF8&spc=MTo1OTQwNTE2NDY1Nzg5NTk3OjE2OTI2NDIxOTc6c3BfYnRmOjIwMTQ1OTk1NzYyMTk4OjowOjo&url=%2FHalf-Moon-Curiosity-Backpack-Resistant%2Fdp%2FB09S3ZK3N1%2Fref%3Dsr_1_22_sspa%3Fcrid%3D2M096C61O4MLT%26keywords%3Dbags%26qid%3D1692642197%26sprefix%3Dba%252Caps%252C283%26sr%3D8-22-spons%26sp_csd%3Dd2lkZ2V0TmFtZT1zcF9idGY%26psc%3D1,"Half Moon Curiosity 35L Water Resistant 15.6"" Laptop Bag for Men/Backpack for Men, Black | Office Bag for Men/Office Bag for Women with Padded Laptop Compartment | Rain Cover & Slim Durable Backpack",849,3.8,190
/sspa/click?ie=UTF8&spc=MTo3NDcwNDE3NjI0MzU0NTk3OjE2OTI2NDIxOTk6c3BfYXRmOjIwMDYzNzg0NDU4Mzk4OjowOjo&url=%2Fuppercase-Backpack-2300EBP1-repellent-sustainable%2Fdp%2FB0B69M182Q%2Fref%3Dsr_1_1_sspa%3Fcrid%3D2M096C61O4MLT%26keywords%3Dbags%26qid%3D1692642199%26sprefix%3Dba%252Caps%252C283%26sr%3D8-1-spons%26sp_csd%3Dd2lkZ2V0TmFtZT1zcF9hdGY%26psc%3D1,"uppercase Medium 17 Ltrs Vegan Leather (upto 14 inch) Laptop Backpack 2300EBP1 3x more water resistant sustainable bags with rain proof zippers for Men, Women, Boys and Girls, 750 Days warranty","1,600",4.0,540
/sspa/click?ie=UTF8&spc=MTo3NDcwNDE3NjI0MzU0NTk3OjE2OTI2NDIxOTk6c3BfYXRmOjMwMDAzMTEyMzAzNDIzMjo6MDo6&url=%2FPromate-Messenger-Water-Resistant-Detachable-Anti-Theft%2Fdp%2FB07FDXXL2L%2Fref%3Dsr_1_2_sspa%3Fcrid%3D2M096C61O4MLT%26keywords%3Dbags%26qid%3D1692642199%26sprefix%3Dba%252Caps%252C283%26sr%3D8-2-spons%26sp_csd%3Dd2lkZ2V0TmFtZT1zcF9hdGY%26psc%3D1,"Promate Akita-MB 16"" Laptop Messenger Bag, Premium Water-Resistant Shoulder Bag with Secure Quick Access Pocket, Detachable String and Anti-Theft Pocket for Laptops, Documents (Black)","1,999",5.0,5
/sspa/click?ie=UTF8&spc=MTo3NDcwNDE3NjI0MzU0NTk3OjE2OTI2NDIxOTk6c3BfbXRmOjMwMDAxMjMzOTQzMjgzMjo6MDo6&url=%2FHOEXL-Expandable-Laptop-Backpack-Water-resistant%2Fdp%2FB0C3J2RLHP%2Fref%3Dsr_1_11_sspa%3Fcrid%3D2M096C61O4MLT%26keywords%3Dbags%26qid%3D1692642199%26sprefix%3Dba%252Caps%252C283%26sr%3D8-11-spons%26sp_csd%3Dd2lkZ2V0TmFtZT1zcF9tdGY%26psc%3D1,"HOEXL 42L Expandable Laptop Backpack - Premium Laptop Backpacks for Men, Women for Travel, School, College - Tech Bag with USB - Bagpacker Bag for Men, 17 inch Laptop Bags for Multipurpose with Water-resistant, Smart Bag with Multiple Compartments","2,699",5.0,33
/sspa/click?ie=UTF8&spc=MTo3NDcwNDE3NjI0MzU0NTk3OjE2OTI2NDIxOTk6c3BfbXRmOjIwMTI3NjgzODcyMzk4OjowOjo&url=%2FUPPERCASE-Professional-Backpack-resistant-sustainable%2Fdp%2FB0BXFDK5J2%2Fref%3Dsr_1_12_sspa%3Fcrid%3D2M096C61O4MLT%26keywords%3Dbags%26qid%3D1692642199%26sprefix%3Dba%252Caps%252C283%26sr%3D8-12-spons%26sp_csd%3Dd2lkZ2V0TmFtZT1zcF9tdGY%26psc%3D1,"uppercase 26 Ltrs Ryder Professional Laptop Backpack (15.6 Inch) 3x more water resistant sustainable bags with rain proof zippers for Men, Women, Boys and Girls, 750 Days warranty","2,400",4.3,78
/sspa/click?ie=UTF8&spc=MTo3NDcwNDE3NjI0MzU0NTk3OjE2OTI2NDIxOTk6c3BfYnRmOjIwMTI1ODk5OTIwNjk4OjowOjo&url=%2FUppercase-Professional-Backpack-Resistant-Sustainable%2Fdp%2FB0BWNBQXDZ%2Fref%3Dsr_1_21_sspa%3Fcrid%3D2M096C61O4MLT%26keywords%3Dbags%26qid%3D1692642199%26sprefix%3Dba%252Caps%252C283%26sr%3D8-21-spons%26sp_csd%3Dd2lkZ2V0TmFtZT1zcF9idGY%26psc%3D1,"uppercase Apex Professional Laptop Backpack (15.6 Inch) 3x more water resistant sustainable bags with rain proof zippers for Men, Women, Boys and Girls, 750 Days warranty","1,800",4.4,89
/sspa/click?ie=UTF8&spc=MTo3NDcwNDE3NjI0MzU0NTk3OjE2OTI2NDIxOTk6c3BfYnRmOjIwMTQ1OTk1NzYyMTk4OjowOjo&url=%2FHalf-Moon-Curiosity-Backpack-Resistant%2Fdp%2FB09S3ZK3N1%2Fref%3Dsr_1_22_sspa%3Fcrid%3D2M096C61O4MLT%26keywords%3Dbags%26qid%3D1692642199%26sprefix%3Dba%252Caps%252C283%26sr%3D8-22-spons%26sp_csd%3Dd2lkZ2V0TmFtZT1zcF9idGY%26psc%3D1,"Half Moon Curiosity 35L Water Resistant 15.6"" Laptop Bag for Men/Backpack for Men, Black | Office Bag for Men/Office Bag for Women with Padded Laptop Compartment | Rain Cover & Slim Durable Backpack",849,3.8,190
/sspa/click?ie=UTF8&spc=MTo0Nzc2NjY0MDY4OTQyNTk3OjE2OTI2NDIyMDI6c3BfYXRmOjIwMDYzNzg0NDU4Mzk4OjowOjo&url=%2Fuppercase-Backpack-2300EBP1-repellent-sustainable%2Fdp%2FB0B69M182Q%2Fref%3Dsr_1_1_sspa%3Fcrid%3D2M096C61O4MLT%26keywords%3Dbags%26qid%3D1692642202%26sprefix%3Dba%252Caps%252C283%26sr%3D8-1-spons%26sp_csd%3Dd2lkZ2V0TmFtZT1zcF9hdGY%26psc%3D1,"uppercase Medium 17 Ltrs Vegan Leather (upto 14 inch) Laptop Backpack 2300EBP1 3x more water resistant sustainable bags with rain proof zippers for Men, Women, Boys and Girls, 750 Days warranty","1,600",4.0,540
/sspa/click?ie=UTF8&spc=MTo0Nzc2NjY0MDY4OTQyNTk3OjE2OTI2NDIyMDI6c3BfYXRmOjMwMDAzMTEyMzAzNDIzMjo6MDo6&url=%2FPromate-Messenger-Water-Resistant-Detachable-Anti-Theft%2Fdp%2FB07FDXXL2L%2Fref%3Dsr_1_2_sspa%3Fcrid%3D2M096C61O4MLT%26keywords%3Dbags%26qid%3D1692642202%26sprefix%3Dba%252Caps%252C283%26sr%3D8-2-spons%26sp_csd%3Dd2lkZ2V0TmFtZT1zcF9hdGY%26psc%3D1,"Promate Akita-MB 16"" Laptop Messenger Bag, Premium Water-Resistant Shoulder Bag with Secure Quick Access Pocket, Detachable String and Anti-Theft Pocket for Laptops, Documents (Black)","1,999",5.0,5
/sspa/click?ie=UTF8&spc=MTo0Nzc2NjY0MDY4OTQyNTk3OjE2OTI2NDIyMDI6c3BfbXRmOjMwMDAxMjMzOTQzMjgzMjo6MDo6&url=%2FHOEXL-Expandable-Laptop-Backpack-Water-resistant%2Fdp%2FB0C3J2RLHP%2Fref%3Dsr_1_11_sspa%3Fcrid%3D2M096C61O4MLT%26keywords%3Dbags%26qid%3D1692642202%26sprefix%3Dba%252Caps%252C283%26sr%3D8-11-spons%26sp_csd%3Dd2lkZ2V0TmFtZT1zcF9tdGY%26psc%3D1,"HOEXL 42L Expandable Laptop Backpack - Premium Laptop Backpacks for Men, Women for Travel, School, College - Tech Bag with USB - Bagpacker Bag for Men, 17 inch Laptop Bags for Multipurpose with Water-resistant, Smart Bag with Multiple Compartments","2,699",5.0,33
/sspa/click?ie=UTF8&spc=MTo0Nzc2NjY0MDY4OTQyNTk3OjE2OTI2NDIyMDI6c3BfbXRmOjIwMTI3NjgzODcyMzk4OjowOjo&url=%2FUPPERCASE-Professional-Backpack-resistant-sustainable%2Fdp%2FB0BXFDK5J2%2Fref%3Dsr_1_12_sspa%3Fcrid%3D2M096C61O4MLT%26keywords%3Dbags%26qid%3D1692642202%26sprefix%3Dba%252Caps%252C283%26sr%3D8-12-spons%26sp_csd%3Dd2lkZ2V0TmFtZT1zcF9tdGY%26psc%3D1,"uppercase 26 Ltrs Ryder Professional Laptop Backpack (15.6 Inch) 3x more water resistant sustainable bags with rain proof zippers for Men, Women, Boys and Girls, 750 Days warranty","2,400",4.3,78
/sspa/click?ie=UTF8&spc=MTo0Nzc2NjY0MDY4OTQyNTk3OjE2OTI2NDIyMDI6c3BfYnRmOjIwMTI1ODk5OTIwNjk4OjowOjo&url=%2FUppercase-Professional-Backpack-Resistant-Sustainable%2Fdp%2FB0BWNBQXDZ%2Fref%3Dsr_1_21_sspa%3Fcrid%3D2M096C61O4MLT%26keywords%3Dbags%26qid%3D1692642202%26sprefix%3Dba%252Caps%252C283%26sr%3D8-21-spons%26sp_csd%3Dd2lkZ2V0TmFtZT1zcF9idGY%26psc%3D1,"uppercase Apex Professional Laptop Backpack (15.6 Inch) 3x more water resistant sustainable bags with rain proof zippers for Men, Women, Boys and Girls, 750 Days warranty","1,800",4.4,89
/sspa/click?ie=UTF8&spc=MTo0Nzc2NjY0MDY4OTQyNTk3OjE2OTI2NDIyMDI6c3BfYnRmOjIwMTQ1OTk1NzYyMTk4OjowOjo&url=%2FHalf-Moon-Curiosity-Backpack-Resistant%2Fdp%2FB09S3ZK3N1%2Fref%3Dsr_1_22_sspa%3Fcrid%3D2M096C61O4MLT%26keywords%3Dbags%26qid%3D1692642202%26sprefix%3Dba%252Caps%252C283%26sr%3D8-22-spons%26sp_csd%3Dd2lkZ2V0TmFtZT1zcF9idGY%26psc%3D1,"Half Moon Curiosity 35L Water Resistant 15.6"" Laptop Bag for Men/Backpack for Men, Black | Office Bag for Men/Office Bag for Women with Padded Laptop Compartment | Rain Cover & Slim Durable Backpack",849,3.8,190
/sspa/click?ie=UTF8&spc=MTozODEwNjQ5MjI0MTY0NTk3OjE2OTI2NDIyMDQ6c3BfYXRmOjIwMDYzNzg0NDU4Mzk4OjowOjo&url=%2Fuppercase-Backpack-2300EBP1-repellent-sustainable%2Fdp%2FB0B69M182Q%2Fref%3Dsr_1_1_sspa%3Fcrid%3D2M096C61O4MLT%26keywords%3Dbags%26qid%3D1692642204%26sprefix%3Dba%252Caps%252C283%26sr%3D8-1-spons%26sp_csd%3Dd2lkZ2V0TmFtZT1zcF9hdGY%26psc%3D1,"uppercase Medium 17 Ltrs Vegan Leather (upto 14 inch) Laptop Backpack 2300EBP1 3x more water resistant sustainable bags with rain proof zippers for Men, Women, Boys and Girls, 750 Days warranty","1,600",4.0,540
/sspa/click?ie=UTF8&spc=MTozODEwNjQ5MjI0MTY0NTk3OjE2OTI2NDIyMDQ6c3BfYXRmOjMwMDAzMTEyMzAzNDIzMjo6MDo6&url=%2FPromate-Messenger-Water-Resistant-Detachable-Anti-Theft%2Fdp%2FB07FDXXL2L%2Fref%3Dsr_1_2_sspa%3Fcrid%3D2M096C61O4MLT%26keywords%3Dbags%26qid%3D1692642204%26sprefix%3Dba%252Caps%252C283%26sr%3D8-2-spons%26sp_csd%3Dd2lkZ2V0TmFtZT1zcF9hdGY%26psc%3D1,"Promate Akita-MB 16"" Laptop Messenger Bag, Premium Water-Resistant Shoulder Bag with Secure Quick Access Pocket, Detachable String and Anti-Theft Pocket for Laptops, Documents (Black)","1,999",5.0,5
/sspa/click?ie=UTF8&spc=MTozODEwNjQ5MjI0MTY0NTk3OjE2OTI2NDIyMDQ6c3BfbXRmOjMwMDAxMjMzOTQzMjgzMjo6MDo6&url=%2FHOEXL-Expandable-Laptop-Backpack-Water-resistant%2Fdp%2FB0C3J2RLHP%2Fref%3Dsr_1_11_sspa%3Fcrid%3D2M096C61O4MLT%26keywords%3Dbags%26qid%3D1692642204%26sprefix%3Dba%252Caps%252C283%26sr%3D8-11-spons%26sp_csd%3Dd2lkZ2V0TmFtZT1zcF9tdGY%26psc%3D1,"HOEXL 42L Expandable Laptop Backpack - Premium Laptop Backpacks for Men, Women for Travel, School, College - Tech Bag with USB - Bagpacker Bag for Men, 17 inch Laptop Bags for Multipurpose with Water-resistant, Smart Bag with Multiple Compartments","2,699",5.0,33
/sspa/click?ie=UTF8&spc=MTozODEwNjQ5MjI0MTY0NTk3OjE2OTI2NDIyMDQ6c3BfbXRmOjIwMTI3NjgzODcyMzk4OjowOjo&url=%2FUPPERCASE-Professional-Backpack-resistant-sustainable%2Fdp%2FB0BXFDK5J2%2Fref%3Dsr_1_12_sspa%3Fcrid%3D2M096C61O4MLT%26keywords%3Dbags%26qid%3D1692642204%26sprefix%3Dba%252Caps%252C283%26sr%3D8-12-spons%26sp_csd%3Dd2lkZ2V0TmFtZT1zcF9tdGY%26psc%3D1,"uppercase 26 Ltrs Ryder Professional Laptop Backpack (15.6 Inch) 3x more water resistant sustainable bags with rain proof zippers for Men, Women, Boys and Girls, 750 Days warranty","2,400",4.3,78
/sspa/click?ie=UTF8&spc=MTozODEwNjQ5MjI0MTY0NTk3OjE2OTI2NDIyMDQ6c3BfYnRmOjIwMTI1ODk5OTIwNjk4OjowOjo&url=%2FUppercase-Professional-Backpack-Resistant-Sustainable%2Fdp%2FB0BWNBQXDZ%2Fref%3Dsr_1_21_sspa%3Fcrid%3D2M096C61O4MLT%26keywords%3Dbags%26qid%3D1692642204%26sprefix%3Dba%252Caps%252C283%26sr%3D8-21-spons%26sp_csd%3Dd2lkZ2V0TmFtZT1zcF9idGY%26psc%3D1,"uppercase Apex Professional Laptop Backpack (15.6 Inch) 3x more water resistant sustainable bags with rain proof zippers for Men, Women, Boys and Girls, 750 Days warranty","1,800",4.4,89
/sspa/click?ie=UTF8&spc=MTozODEwNjQ5MjI0MTY0NTk3OjE2OTI2NDIyMDQ6c3BfYnRmOjIwMTQ1OTk1NzYyMTk4OjowOjo&url=%2FHalf-Moon-Curiosity-Backpack-Resistant%2Fdp%2FB09S3ZK3N1%2Fref%3Dsr_1_22_sspa%3Fcrid%3D2M096C61O4MLT%26keywords%3Dbags%26qid%3D1692642204%26sprefix%3Dba%252Caps%252C283%26sr%3D8-22-spons%26sp_csd%3Dd2lkZ2V0TmFtZT1zcF9idGY%26psc%3D1,"Half Moon Curiosity 35L Water Resistant 15.6"" Laptop Bag for Men/Backpack for Men, Black | Office Bag for Men/Office Bag for Women with Padded Laptop Compartment | Rain Cover & Slim Durable Backpack",849,3.8,190
/sspa/click?ie=UTF8&spc=MTo1Nzk4MjQ4OTUxNTk4NTk3OjE2OTI2NDIyMDY6c3BfYXRmOjIwMDYzNzg0NDU4Mzk4OjowOjo&url=%2Fuppercase-Backpack-2300EBP1-repellent-sustainable%2Fdp%2FB0B69M182Q%2Fref%3Dsr_1_1_sspa%3Fcrid%3D2M096C61O4MLT%26keywords%3Dbags%26qid%3D1692642206%26sprefix%3Dba%252Caps%252C283%26sr%3D8-1-spons%26sp_csd%3Dd2lkZ2V0TmFtZT1zcF9hdGY%26psc%3D1,"uppercase Medium 17 Ltrs Vegan Leather (upto 14 inch) Laptop Backpack 2300EBP1 3x more water resistant sustainable bags with rain proof zippers for Men, Women, Boys and Girls, 750 Days warranty","1,600",4.0,540
/sspa/click?ie=UTF8&spc=MTo1Nzk4MjQ4OTUxNTk4NTk3OjE2OTI2NDIyMDY6c3BfYXRmOjMwMDAzMTEyMzAzNDIzMjo6MDo6&url=%2FPromate-Messenger-Water-Resistant-Detachable-Anti-Theft%2Fdp%2FB07FDXXL2L%2Fref%3Dsr_1_2_sspa%3Fcrid%3D2M096C61O4MLT%26keywords%3Dbags%26qid%3D1692642206%26sprefix%3Dba%252Caps%252C283%26sr%3D8-2-spons%26sp_csd%3Dd2lkZ2V0TmFtZT1zcF9hdGY%26psc%3D1,"Promate Akita-MB 16"" Laptop Messenger Bag, Premium Water-Resistant Shoulder Bag with Secure Quick Access Pocket, Detachable String and Anti-Theft Pocket for Laptops, Documents (Black)","1,999",5.0,5
/sspa/click?ie=UTF8&spc=MTo1Nzk4MjQ4OTUxNTk4NTk3OjE2OTI2NDIyMDY6c3BfbXRmOjMwMDAxMjMzOTQzMjgzMjo6MDo6&url=%2FHOEXL-Expandable-Laptop-Backpack-Water-resistant%2Fdp%2FB0C3J2RLHP%2Fref%3Dsr_1_11_sspa%3Fcrid%3D2M096C61O4MLT%26keywords%3Dbags%26qid%3D1692642206%26sprefix%3Dba%252Caps%252C283%26sr%3D8-11-spons%26sp_csd%3Dd2lkZ2V0TmFtZT1zcF9tdGY%26psc%3D1,"HOEXL 42L Expandable Laptop Backpack - Premium Laptop Backpacks for Men, Women for Travel, School, College - Tech Bag with USB - Bagpacker Bag for Men, 17 inch Laptop Bags for Multipurpose with Water-resistant, Smart Bag with Multiple Compartments","2,699",5.0,33
/sspa/click?ie=UTF8&spc=MTo1Nzk4MjQ4OTUxNTk4NTk3OjE2OTI2NDIyMDY6c3BfbXRmOjIwMTI3NjgzODcyMzk4OjowOjo&url=%2FUPPERCASE-Professional-Backpack-resistant-sustainable%2Fdp%2FB0BXFDK5J2%2Fref%3Dsr_1_12_sspa%3Fcrid%3D2M096C61O4MLT%26keywords%3Dbags%26qid%3D1692642206%26sprefix%3Dba%252Caps%252C283%26sr%3D8-12-spons%26sp_csd%3Dd2lkZ2V0TmFtZT1zcF9tdGY%26psc%3D1,"uppercase 26 Ltrs Ryder Professional Laptop Backpack (15.6 Inch) 3x more water resistant sustainable bags with rain proof zippers for Men, Women, Boys and Girls, 750 Days warranty","2,400",4.3,78
/sspa/click?ie=UTF8&spc=MTo1Nzk4MjQ4OTUxNTk4NTk3OjE2OTI2NDIyMDY6c3BfYnRmOjIwMTI1ODk5OTIwNjk4OjowOjo&url=%2FUppercase-Professional-Backpack-Resistant-Sustainable%2Fdp%2FB0BWNBQXDZ%2Fref%3Dsr_1_21_sspa%3Fcrid%3D2M096C61O4MLT%26keywords%3Dbags%26qid%3D1692642206%26sprefix%3Dba%252Caps%252C283%26sr%3D8-21-spons%26sp_csd%3Dd2lkZ2V0TmFtZT1zcF9idGY%26psc%3D1,"uppercase Apex Professional Laptop Backpack (15.6 Inch) 3x more water resistant sustainable bags with rain proof zippers for Men, Women, Boys and Girls, 750 Days warranty","1,800",4.4,89
/sspa/click?ie=UTF8&spc=MTo1Nzk4MjQ4OTUxNTk4NTk3OjE2OTI2NDIyMDY6c3BfYnRmOjIwMTQ1OTk1NzYyMTk4OjowOjo&url=%2FHalf-Moon-Curiosity-Backpack-Resistant%2Fdp%2FB09S3ZK3N1%2Fref%3Dsr_1_22_sspa%3Fcrid%3D2M096C61O4MLT%26keywords%3Dbags%26qid%3D1692642206%26sprefix%3Dba%252Caps%252C283%26sr%3D8-22-spons%26sp_csd%3Dd2lkZ2V0TmFtZT1zcF9idGY%26psc%3D1,"Half Moon Curiosity 35L Water Resistant 15.6"" Laptop Bag for Men/Backpack for Men, Black | Office Bag for Men/Office Bag for Women with Padded Laptop Compartment | Rain Cover & Slim Durable Backpack",849,3.8,190
/sspa/click?ie=UTF8&spc=MTozODQ2NTc3Njk2NTYyNTk3OjE2OTI2NDIyMDg6c3BfYXRmOjIwMDYzNzg0NDU4Mzk4OjowOjo&url=%2Fuppercase-Backpack-2300EBP1-repellent-sustainable%2Fdp%2FB0B69M182Q%2Fref%3Dsr_1_1_sspa%3Fcrid%3D2M096C61O4MLT%26keywords%3Dbags%26qid%3D1692642208%26sprefix%3Dba%252Caps%252C283%26sr%3D8-1-spons%26sp_csd%3Dd2lkZ2V0TmFtZT1zcF9hdGY%26psc%3D1,"uppercase Medium 17 Ltrs Vegan Leather (upto 14 inch) Laptop Backpack 2300EBP1 3x more water resistant sustainable bags with rain proof zippers for Men, Women, Boys and Girls, 750 Days warranty","1,600",4.0,540
/sspa/click?ie=UTF8&spc=MTozODQ2NTc3Njk2NTYyNTk3OjE2OTI2NDIyMDg6c3BfYXRmOjMwMDAzMTEyMzAzNDIzMjo6MDo6&url=%2FPromate-Messenger-Water-Resistant-Detachable-Anti-Theft%2Fdp%2FB07FDXXL2L%2Fref%3Dsr_1_2_sspa%3Fcrid%3D2M096C61O4MLT%26keywords%3Dbags%26qid%3D1692642208%26sprefix%3Dba%252Caps%252C283%26sr%3D8-2-spons%26sp_csd%3Dd2lkZ2V0TmFtZT1zcF9hdGY%26psc%3D1,"Promate Akita-MB 16"" Laptop Messenger Bag, Premium Water-Resistant Shoulder Bag with Secure Quick Access Pocket, Detachable String and Anti-Theft Pocket for Laptops, Documents (Black)","1,999",5.0,5
/sspa/click?ie=UTF8&spc=MTozODQ2NTc3Njk2NTYyNTk3OjE2OTI2NDIyMDg6c3BfbXRmOjMwMDAxMjMzOTQzMjgzMjo6MDo6&url=%2FHOEXL-Expandable-Laptop-Backpack-Water-resistant%2Fdp%2FB0C3J2RLHP%2Fref%3Dsr_1_11_sspa%3Fcrid%3D2M096C61O4MLT%26keywords%3Dbags%26qid%3D1692642208%26sprefix%3Dba%252Caps%252C283%26sr%3D8-11-spons%26sp_csd%3Dd2lkZ2V0TmFtZT1zcF9tdGY%26psc%3D1,"HOEXL 42L Expandable Laptop Backpack - Premium Laptop Backpacks for Men, Women for Travel, School, College - Tech Bag with USB - Bagpacker Bag for Men, 17 inch Laptop Bags for Multipurpose with Water-resistant, Smart Bag with Multiple Compartments","2,699",5.0,33
/sspa/click?ie=UTF8&spc=MTozODQ2NTc3Njk2NTYyNTk3OjE2OTI2NDIyMDg6c3BfbXRmOjIwMTI3NjgzODcyMzk4OjowOjo&url=%2FUPPERCASE-Professional-Backpack-resistant-sustainable%2Fdp%2FB0BXFDK5J2%2Fref%3Dsr_1_12_sspa%3Fcrid%3D2M096C61O4MLT%26keywords%3Dbags%26qid%3D1692642208%26sprefix%3Dba%252Caps%252C283%26sr%3D8-12-spons%26sp_csd%3Dd2lkZ2V0TmFtZT1zcF9tdGY%26psc%3D1,"uppercase 26 Ltrs Ryder Professional Laptop Backpack (15.6 Inch) 3x more water resistant sustainable bags with rain proof zippers for Men, Women, Boys and Girls, 750 Days warranty","2,400",4.3,78
/sspa/click?ie=UTF8&spc=MTozODQ2NTc3Njk2NTYyNTk3OjE2OTI2NDIyMDg6c3BfYnRmOjIwMTI1ODk5OTIwNjk4OjowOjo&url=%2FUppercase-Professional-Backpack-Resistant-Sustainable%2Fdp%2FB0BWNBQXDZ%2Fref%3Dsr_1_21_sspa%3Fcrid%3D2M096C61O4MLT%26keywords%3Dbags%26qid%3D1692642208%26sprefix%3Dba%252Caps%252C283%26sr%3D8-21-spons%26sp_csd%3Dd2lkZ2V0TmFtZT1zcF9idGY%26psc%3D1,"uppercase Apex Professional Laptop Backpack (15.6 Inch) 3x more water resistant sustainable bags with rain proof zippers for Men, Women, Boys and Girls, 750 Days warranty","1,800",4.4,89
/sspa/click?ie=UTF8&spc=MTozODQ2NTc3Njk2NTYyNTk3OjE2OTI2NDIyMDg6c3BfYnRmOjIwMTQ1OTk1NzYyMTk4OjowOjo&url=%2FHalf-Moon-Curiosity-Backpack-Resistant%2Fdp%2FB09S3ZK3N1%2Fref%3Dsr_1_22_sspa%3Fcrid%3D2M096C61O4MLT%26keywords%3Dbags%26qid%3D1692642208%26sprefix%3Dba%252Caps%252C283%26sr%3D8-22-spons%26sp_csd%3Dd2lkZ2V0TmFtZT1zcF9idGY%26psc%3D1,"Half Moon Curiosity 35L Water Resistant 15.6"" Laptop Bag for Men/Backpack for Men, Black | Office Bag for Men/Office Bag for Women with Padded Laptop Compartment | Rain Cover & Slim Durable Backpack",849,3.8,190
/sspa/click?ie=UTF8&spc=MTo2ODQyNDI4Mjk5MjkzNTk3OjE2OTI2NDIyMTA6c3BfYXRmOjIwMDYzNzg0NDU4Mzk4OjowOjo&url=%2Fuppercase-Backpack-2300EBP1-repellent-sustainable%2Fdp%2FB0B69M182Q%2Fref%3Dsr_1_1_sspa%3Fcrid%3D2M096C61O4MLT%26keywords%3Dbags%26qid%3D1692642210%26sprefix%3Dba%252Caps%252C283%26sr%3D8-1-spons%26sp_csd%3Dd2lkZ2V0TmFtZT1zcF9hdGY%26psc%3D1,"uppercase Medium 17 Ltrs Vegan Leather (upto 14 inch) Laptop Backpack 2300EBP1 3x more water resistant sustainable bags with rain proof zippers for Men, Women, Boys and Girls, 750 Days warranty","1,600",4.0,540
/sspa/click?ie=UTF8&spc=MTo2ODQyNDI4Mjk5MjkzNTk3OjE2OTI2NDIyMTA6c3BfYXRmOjMwMDAzMTEyMzAzNDIzMjo6MDo6&url=%2FPromate-Messenger-Water-Resistant-Detachable-Anti-Theft%2Fdp%2FB07FDXXL2L%2Fref%3Dsr_1_2_sspa%3Fcrid%3D2M096C61O4MLT%26keywords%3Dbags%26qid%3D1692642210%26sprefix%3Dba%252Caps%252C283%26sr%3D8-2-spons%26sp_csd%3Dd2lkZ2V0TmFtZT1zcF9hdGY%26psc%3D1,"Promate Akita-MB 16"" Laptop Messenger Bag, Premium Water-Resistant Shoulder Bag with Secure Quick Access Pocket, Detachable String and Anti-Theft Pocket for Laptops, Documents (Black)","1,999",5.0,5
/sspa/click?ie=UTF8&spc=MTo2ODQyNDI4Mjk5MjkzNTk3OjE2OTI2NDIyMTA6c3BfbXRmOjMwMDAxMjMzOTQzMjgzMjo6MDo6&url=%2FHOEXL-Expandable-Laptop-Backpack-Water-resistant%2Fdp%2FB0C3J2RLHP%2Fref%3Dsr_1_11_sspa%3Fcrid%3D2M096C61O4MLT%26keywords%3Dbags%26qid%3D1692642210%26sprefix%3Dba%252Caps%252C283%26sr%3D8-11-spons%26sp_csd%3Dd2lkZ2V0TmFtZT1zcF9tdGY%26psc%3D1,"HOEXL 42L Expandable Laptop Backpack - Premium Laptop Backpacks for Men, Women for Travel, School, College - Tech Bag with USB - Bagpacker Bag for Men, 17 inch Laptop Bags for Multipurpose with Water-resistant, Smart Bag with Multiple Compartments","2,699",5.0,33
/sspa/click?ie=UTF8&spc=MTo2ODQyNDI4Mjk5MjkzNTk3OjE2OTI2NDIyMTA6c3BfbXRmOjIwMTI3NjgzODcyMzk4OjowOjo&url=%2FUPPERCASE-Professional-Backpack-resistant-sustainable%2Fdp%2FB0BXFDK5J2%2Fref%3Dsr_1_12_sspa%3Fcrid%3D2M096C61O4MLT%26keywords%3Dbags%26qid%3D1692642210%26sprefix%3Dba%252Caps%252C283%26sr%3D8-12-spons%26sp_csd%3Dd2lkZ2V0TmFtZT1zcF9tdGY%26psc%3D1,"uppercase 26 Ltrs Ryder Professional Laptop Backpack (15.6 Inch) 3x more water resistant sustainable bags with rain proof zippers for Men, Women, Boys and Girls, 750 Days warranty","2,400",4.3,78
/sspa/click?ie=UTF8&spc=MTo2ODQyNDI4Mjk5MjkzNTk3OjE2OTI2NDIyMTA6c3BfYnRmOjIwMTI1ODk5OTIwNjk4OjowOjo&url=%2FUppercase-Professional-Backpack-Resistant-Sustainable%2Fdp%2FB0BWNBQXDZ%2Fref%3Dsr_1_21_sspa%3Fcrid%3D2M096C61O4MLT%26keywords%3Dbags%26qid%3D1692642210%26sprefix%3Dba%252Caps%252C283%26sr%3D8-21-spons%26sp_csd%3Dd2lkZ2V0TmFtZT1zcF9idGY%26psc%3D1,"uppercase Apex Professional Laptop Backpack (15.6 Inch) 3x more water resistant sustainable bags with rain proof zippers for Men, Women, Boys and Girls, 750 Days warranty","1,800",4.4,89
/sspa/click?ie=UTF8&spc=MTo2ODQyNDI4Mjk5MjkzNTk3OjE2OTI2NDIyMTA6c3BfYnRmOjIwMTQ1OTk1NzYyMTk4OjowOjo&url=%2FHalf-Moon-Curiosity-Backpack-Resistant%2Fdp%2FB09S3ZK3N1%2Fref%3Dsr_1_22_sspa%3Fcrid%3D2M096C61O4MLT%26keywords%3Dbags%26qid%3D1692642210%26sprefix%3Dba%252Caps%252C283%26sr%3D8-22-spons%26sp_csd%3Dd2lkZ2V0TmFtZT1zcF9idGY%26psc%3D1,"Half Moon Curiosity 35L Water Resistant 15.6"" Laptop Bag for Men/Backpack for Men, Black | Office Bag for Men/Office Bag for Women with Padded Laptop Compartment | Rain Cover & Slim Durable Backpack",849,3.8,190
/sspa/click?ie=UTF8&spc=MTo2MDQ2MDc0NTA1MjAwNTk3OjE2OTI2NDIyMTI6c3BfYXRmOjIwMDYzNzg0NDU4Mzk4OjowOjo&url=%2Fuppercase-Backpack-2300EBP1-repellent-sustainable%2Fdp%2FB0B69M182Q%2Fref%3Dsr_1_1_sspa%3Fcrid%3D2M096C61O4MLT%26keywords%3Dbags%26qid%3D1692642212%26sprefix%3Dba%252Caps%252C283%26sr%3D8-1-spons%26sp_csd%3Dd2lkZ2V0TmFtZT1zcF9hdGY%26psc%3D1,"uppercase Medium 17 Ltrs Vegan Leather (upto 14 inch) Laptop Backpack 2300EBP1 3x more water resistant sustainable bags with rain proof zippers for Men, Women, Boys and Girls, 750 Days warranty","1,600",4.0,540
/sspa/click?ie=UTF8&spc=MTo2MDQ2MDc0NTA1MjAwNTk3OjE2OTI2NDIyMTI6c3BfYXRmOjMwMDAzMTEyMzAzNDIzMjo6MDo6&url=%2FPromate-Messenger-Water-Resistant-Detachable-Anti-Theft%2Fdp%2FB07FDXXL2L%2Fref%3Dsr_1_2_sspa%3Fcrid%3D2M096C61O4MLT%26keywords%3Dbags%26qid%3D1692642212%26sprefix%3Dba%252Caps%252C283%26sr%3D8-2-spons%26sp_csd%3Dd2lkZ2V0TmFtZT1zcF9hdGY%26psc%3D1,"Promate Akita-MB 16"" Laptop Messenger Bag, Premium Water-Resistant Shoulder Bag with Secure Quick Access Pocket, Detachable String and Anti-Theft Pocket for Laptops, Documents (Black)","1,999",5.0,5
/sspa/click?ie=UTF8&spc=MTo2MDQ2MDc0NTA1MjAwNTk3OjE2OTI2NDIyMTI6c3BfbXRmOjMwMDAxMjMzOTQzMjgzMjo6MDo6&url=%2FHOEXL-Expandable-Laptop-Backpack-Water-resistant%2Fdp%2FB0C3J2RLHP%2Fref%3Dsr_1_11_sspa%3Fcrid%3D2M096C61O4MLT%26keywords%3Dbags%26qid%3D1692642212%26sprefix%3Dba%252Caps%252C283%26sr%3D8-11-spons%26sp_csd%3Dd2lkZ2V0TmFtZT1zcF9tdGY%26psc%3D1,"HOEXL 42L Expandable Laptop Backpack - Premium Laptop Backpacks for Men, Women for Travel, School, College - Tech Bag with USB - Bagpacker Bag for Men, 17 inch Laptop Bags for Multipurpose with Water-resistant, Smart Bag with Multiple Compartments","2,699",5.0,33
/sspa/click?ie=UTF8&spc=MTo2MDQ2MDc0NTA1MjAwNTk3OjE2OTI2NDIyMTI6c3BfbXRmOjIwMTI3NjgzODcyMzk4OjowOjo&url=%2FUPPERCASE-Professional-Backpack-resistant-sustainable%2Fdp%2FB0BXFDK5J2%2Fref%3Dsr_1_12_sspa%3Fcrid%3D2M096C61O4MLT%26keywords%3Dbags%26qid%3D1692642212%26sprefix%3Dba%252Caps%252C283%26sr%3D8-12-spons%26sp_csd%3Dd2lkZ2V0TmFtZT1zcF9tdGY%26psc%3D1,"uppercase 26 Ltrs Ryder Professional Laptop Backpack (15.6 Inch) 3x more water resistant sustainable bags with rain proof zippers for Men, Women, Boys and Girls, 750 Days warranty","2,400",4.3,78
/sspa/click?ie=UTF8&spc=MTo2MDQ2MDc0NTA1MjAwNTk3OjE2OTI2NDIyMTI6c3BfYnRmOjIwMTI1ODk5OTIwNjk4OjowOjo&url=%2FUppercase-Professional-Backpack-Resistant-Sustainable%2Fdp%2FB0BWNBQXDZ%2Fref%3Dsr_1_21_sspa%3Fcrid%3D2M096C61O4MLT%26keywords%3Dbags%26qid%3D1692642212%26sprefix%3Dba%252Caps%252C283%26sr%3D8-21-spons%26sp_csd%3Dd2lkZ2V0TmFtZT1zcF9idGY%26psc%3D1,"uppercase Apex Professional Laptop Backpack (15.6 Inch) 3x more water resistant sustainable bags with rain proof zippers for Men, Women, Boys and Girls, 750 Days warranty","1,800",4.4,89
/sspa/click?ie=UTF8&spc=MTo2MDQ2MDc0NTA1MjAwNTk3OjE2OTI2NDIyMTI6c3BfYnRmOjIwMTQ1OTk1NzYyMTk4OjowOjo&url=%2FHalf-Moon-Curiosity-Backpack-Resistant%2Fdp%2FB09S3ZK3N1%2Fref%3Dsr_1_22_sspa%3Fcrid%3D2M096C61O4MLT%26keywords%3Dbags%26qid%3D1692642212%26sprefix%3Dba%252Caps%252C283%26sr%3D8-22-spons%26sp_csd%3Dd2lkZ2V0TmFtZT1zcF9idGY%26psc%3D1,"Half Moon Curiosity 35L Water Resistant 15.6"" Laptop Bag for Men/Backpack for Men, Black | Office Bag for Men/Office Bag for Women with Padded Laptop Compartment | Rain Cover & Slim Durable Backpack",849,3.8,190
/sspa/click?ie=UTF8&spc=MTo1OTQ5OTY2NzExMzExNTk3OjE2OTI2NDIyMTQ6c3BfYXRmOjIwMDYzNzg0NDU4Mzk4OjowOjo&url=%2Fuppercase-Backpack-2300EBP1-repellent-sustainable%2Fdp%2FB0B69M182Q%2Fref%3Dsr_1_1_sspa%3Fcrid%3D2M096C61O4MLT%26keywords%3Dbags%26qid%3D1692642214%26sprefix%3Dba%252Caps%252C283%26sr%3D8-1-spons%26sp_csd%3Dd2lkZ2V0TmFtZT1zcF9hdGY%26psc%3D1,"uppercase Medium 17 Ltrs Vegan Leather (upto 14 inch) Laptop Backpack 2300EBP1 3x more water resistant sustainable bags with rain proof zippers for Men, Women, Boys and Girls, 750 Days warranty","1,600",4.0,540
/sspa/click?ie=UTF8&spc=MTo1OTQ5OTY2NzExMzExNTk3OjE2OTI2NDIyMTQ6c3BfYXRmOjMwMDAzMTEyMzAzNDIzMjo6MDo6&url=%2FPromate-Messenger-Water-Resistant-Detachable-Anti-Theft%2Fdp%2FB07FDXXL2L%2Fref%3Dsr_1_2_sspa%3Fcrid%3D2M096C61O4MLT%26keywords%3Dbags%26qid%3D1692642214%26sprefix%3Dba%252Caps%252C283%26sr%3D8-2-spons%26sp_csd%3Dd2lkZ2V0TmFtZT1zcF9hdGY%26psc%3D1,"Promate Akita-MB 16"" Laptop Messenger Bag, Premium Water-Resistant Shoulder Bag with Secure Quick Access Pocket, Detachable String and Anti-Theft Pocket for Laptops, Documents (Black)","1,999",5.0,5
/sspa/click?ie=UTF8&spc=MTo1OTQ5OTY2NzExMzExNTk3OjE2OTI2NDIyMTQ6c3BfbXRmOjMwMDAxMjMzOTQzMjgzMjo6MDo6&url=%2FHOEXL-Expandable-Laptop-Backpack-Water-resistant%2Fdp%2FB0C3J2RLHP%2Fref%3Dsr_1_11_sspa%3Fcrid%3D2M096C61O4MLT%26keywords%3Dbags%26qid%3D1692642214%26sprefix%3Dba%252Caps%252C283%26sr%3D8-11-spons%26sp_csd%3Dd2lkZ2V0TmFtZT1zcF9tdGY%26psc%3D1,"HOEXL 42L Expandable Laptop Backpack - Premium Laptop Backpacks for Men, Women for Travel, School, College - Tech Bag with USB - Bagpacker Bag for Men, 17 inch Laptop Bags for Multipurpose with Water-resistant, Smart Bag with Multiple Compartments","2,699",5.0,33
/sspa/click?ie=UTF8&spc=MTo1OTQ5OTY2NzExMzExNTk3OjE2OTI2NDIyMTQ6c3BfbXRmOjIwMTI3NjgzODcyMzk4OjowOjo&url=%2FUPPERCASE-Professional-Backpack-resistant-sustainable%2Fdp%2FB0BXFDK5J2%2Fref%3Dsr_1_12_sspa%3Fcrid%3D2M096C61O4MLT%26keywords%3Dbags%26qid%3D1692642214%26sprefix%3Dba%252Caps%252C283%26sr%3D8-12-spons%26sp_csd%3Dd2lkZ2V0TmFtZT1zcF9tdGY%26psc%3D1,"uppercase 26 Ltrs Ryder Professional Laptop Backpack (15.6 Inch) 3x more water resistant sustainable bags with rain proof zippers for Men, Women, Boys and Girls, 750 Days warranty","2,400",4.3,78
/sspa/click?ie=UTF8&spc=MTo1OTQ5OTY2NzExMzExNTk3OjE2OTI2NDIyMTQ6c3BfYnRmOjIwMTI1ODk5OTIwNjk4OjowOjo&url=%2FUppercase-Professional-Backpack-Resistant-Sustainable%2Fdp%2FB0BWNBQXDZ%2Fref%3Dsr_1_21_sspa%3Fcrid%3D2M096C61O4MLT%26keywords%3Dbags%26qid%3D1692642214%26sprefix%3Dba%252Caps%252C283%26sr%3D8-21-spons%26sp_csd%3Dd2lkZ2V0TmFtZT1zcF9idGY%26psc%3D1,"uppercase Apex Professional Laptop Backpack (15.6 Inch) 3x more water resistant sustainable bags with rain proof zippers for Men, Women, Boys and Girls, 750 Days warranty","1,800",4.4,89
/sspa/click?ie=UTF8&spc=MTo1OTQ5OTY2NzExMzExNTk3OjE2OTI2NDIyMTQ6c3BfYnRmOjIwMTQ1OTk1NzYyMTk4OjowOjo&url=%2FHalf-Moon-Curiosity-Backpack-Resistant%2Fdp%2FB09S3ZK3N1%2Fref%3Dsr_1_22_sspa%3Fcrid%3D2M096C61O4MLT%26keywords%3Dbags%26qid%3D1692642214%26sprefix%3Dba%252Caps%252C283%26sr%3D8-22-spons%26sp_csd%3Dd2lkZ2V0TmFtZT1zcF9idGY%26psc%3D1,"Half Moon Curiosity 35L Water Resistant 15.6"" Laptop Bag for Men/Backpack for Men, Black | Office Bag for Men/Office Bag for Women with Padded Laptop Compartment | Rain Cover & Slim Durable Backpack",849,3.8,190
/sspa/click?ie=UTF8&spc=MTo1MjQxOTgwMjgwNDc1NTk3OjE2OTI2NDIyMTc6c3BfYXRmOjIwMDYzNzg0NDU4Mzk4OjowOjo&url=%2Fuppercase-Backpack-2300EBP1-repellent-sustainable%2Fdp%2FB0B69M182Q%2Fref%3Dsr_1_1_sspa%3Fcrid%3D2M096C61O4MLT%26keywords%3Dbags%26qid%3D1692642217%26sprefix%3Dba%252Caps%252C283%26sr%3D8-1-spons%26sp_csd%3Dd2lkZ2V0TmFtZT1zcF9hdGY%26psc%3D1,"uppercase Medium 17 Ltrs Vegan Leather (upto 14 inch) Laptop Backpack 2300EBP1 3x more water resistant sustainable bags with rain proof zippers for Men, Women, Boys and Girls, 750 Days warranty","1,600",4.0,540
/sspa/click?ie=UTF8&spc=MTo1MjQxOTgwMjgwNDc1NTk3OjE2OTI2NDIyMTc6c3BfYXRmOjMwMDAzMTEyMzAzNDIzMjo6MDo6&url=%2FPromate-Messenger-Water-Resistant-Detachable-Anti-Theft%2Fdp%2FB07FDXXL2L%2Fref%3Dsr_1_2_sspa%3Fcrid%3D2M096C61O4MLT%26keywords%3Dbags%26qid%3D1692642217%26sprefix%3Dba%252Caps%252C283%26sr%3D8-2-spons%26sp_csd%3Dd2lkZ2V0TmFtZT1zcF9hdGY%26psc%3D1,"Promate Akita-MB 16"" Laptop Messenger Bag, Premium Water-Resistant Shoulder Bag with Secure Quick Access Pocket, Detachable String and Anti-Theft Pocket for Laptops, Documents (Black)","1,999",5.0,5
/sspa/click?ie=UTF8&spc=MTo1MjQxOTgwMjgwNDc1NTk3OjE2OTI2NDIyMTc6c3BfbXRmOjMwMDAxMjMzOTQzMjgzMjo6MDo6&url=%2FHOEXL-Expandable-Laptop-Backpack-Water-resistant%2Fdp%2FB0C3J2RLHP%2Fref%3Dsr_1_11_sspa%3Fcrid%3D2M096C61O4MLT%26keywords%3Dbags%26qid%3D1692642217%26sprefix%3Dba%252Caps%252C283%26sr%3D8-11-spons%26sp_csd%3Dd2lkZ2V0TmFtZT1zcF9tdGY%26psc%3D1,"HOEXL 42L Expandable Laptop Backpack - Premium Laptop Backpacks for Men, Women for Travel, School, College - Tech Bag with USB - Bagpacker Bag for Men, 17 inch Laptop Bags for Multipurpose with Water-resistant, Smart Bag with Multiple Compartments","2,699",5.0,33
/sspa/click?ie=UTF8&spc=MTo1MjQxOTgwMjgwNDc1NTk3OjE2OTI2NDIyMTc6c3BfbXRmOjIwMTI3NjgzODcyMzk4OjowOjo&url=%2FUPPERCASE-Professional-Backpack-resistant-sustainable%2Fdp%2FB0BXFDK5J2%2Fref%3Dsr_1_12_sspa%3Fcrid%3D2M096C61O4MLT%26keywords%3Dbags%26qid%3D1692642217%26sprefix%3Dba%252Caps%252C283%26sr%3D8-12-spons%26sp_csd%3Dd2lkZ2V0TmFtZT1zcF9tdGY%26psc%3D1,"uppercase 26 Ltrs Ryder Professional Laptop Backpack (15.6 Inch) 3x more water resistant sustainable bags with rain proof zippers for Men, Women, Boys and Girls, 750 Days warranty","2,400",4.3,78
/sspa/click?ie=UTF8&spc=MTo1MjQxOTgwMjgwNDc1NTk3OjE2OTI2NDIyMTc6c3BfYnRmOjIwMTI1ODk5OTIwNjk4OjowOjo&url=%2FUppercase-Professional-Backpack-Resistant-Sustainable%2Fdp%2FB0BWNBQXDZ%2Fref%3Dsr_1_21_sspa%3Fcrid%3D2M096C61O4MLT%26keywords%3Dbags%26qid%3D1692642217%26sprefix%3Dba%252Caps%252C283%26sr%3D8-21-spons%26sp_csd%3Dd2lkZ2V0TmFtZT1zcF9idGY%26psc%3D1,"uppercase Apex Professional Laptop Backpack (15.6 Inch) 3x more water resistant sustainable bags with rain proof zippers for Men, Women, Boys and Girls, 750 Days warranty","1,800",4.4,89
/sspa/click?ie=UTF8&spc=MTo1MjQxOTgwMjgwNDc1NTk3OjE2OTI2NDIyMTc6c3BfYnRmOjIwMTQ1OTk1NzYyMTk4OjowOjo&url=%2FHalf-Moon-Curiosity-Backpack-Resistant%2Fdp%2FB09S3ZK3N1%2Fref%3Dsr_1_22_sspa%3Fcrid%3D2M096C61O4MLT%26keywords%3Dbags%26qid%3D1692642217%26sprefix%3Dba%252Caps%252C283%26sr%3D8-22-spons%26sp_csd%3Dd2lkZ2V0TmFtZT1zcF9idGY%26psc%3D1,"Half Moon Curiosity 35L Water Resistant 15.6"" Laptop Bag for Men/Backpack for Men, Black | Office Bag for Men/Office Bag for Women with Padded Laptop Compartment | Rain Cover & Slim Durable Backpack",849,3.8,190
/sspa/click?ie=UTF8&spc=MToyMzU4ODMwNzIwNzk1NTk3OjE2OTI2NDIyMTk6c3BfYXRmOjIwMDYzNzg0NDU4Mzk4OjowOjo&url=%2Fuppercase-Backpack-2300EBP1-repellent-sustainable%2Fdp%2FB0B69M182Q%2Fref%3Dsr_1_1_sspa%3Fcrid%3D2M096C61O4MLT%26keywords%3Dbags%26qid%3D1692642219%26sprefix%3Dba%252Caps%252C283%26sr%3D8-1-spons%26sp_csd%3Dd2lkZ2V0TmFtZT1zcF9hdGY%26psc%3D1,"uppercase Medium 17 Ltrs Vegan Leather (upto 14 inch) Laptop Backpack 2300EBP1 3x more water resistant sustainable bags with rain proof zippers for Men, Women, Boys and Girls, 750 Days warranty","1,600",4.0,540
/sspa/click?ie=UTF8&spc=MToyMzU4ODMwNzIwNzk1NTk3OjE2OTI2NDIyMTk6c3BfYXRmOjMwMDAzMTEyMzAzNDIzMjo6MDo6&url=%2FPromate-Messenger-Water-Resistant-Detachable-Anti-Theft%2Fdp%2FB07FDXXL2L%2Fref%3Dsr_1_2_sspa%3Fcrid%3D2M096C61O4MLT%26keywords%3Dbags%26qid%3D1692642219%26sprefix%3Dba%252Caps%252C283%26sr%3D8-2-spons%26sp_csd%3Dd2lkZ2V0TmFtZT1zcF9hdGY%26psc%3D1,"Promate Akita-MB 16"" Laptop Messenger Bag, Premium Water-Resistant Shoulder Bag with Secure Quick Access Pocket, Detachable String and Anti-Theft Pocket for Laptops, Documents (Black)","1,999",5.0,5
/sspa/click?ie=UTF8&spc=MToyMzU4ODMwNzIwNzk1NTk3OjE2OTI2NDIyMTk6c3BfbXRmOjMwMDAxMjMzOTQzMjgzMjo6MDo6&url=%2FHOEXL-Expandable-Laptop-Backpack-Water-resistant%2Fdp%2FB0C3J2RLHP%2Fref%3Dsr_1_11_sspa%3Fcrid%3D2M096C61O4MLT%26keywords%3Dbags%26qid%3D1692642219%26sprefix%3Dba%252Caps%252C283%26sr%3D8-11-spons%26sp_csd%3Dd2lkZ2V0TmFtZT1zcF9tdGY%26psc%3D1,"HOEXL 42L Expandable Laptop Backpack - Premium Laptop Backpacks for Men, Women for Travel, School, College - Tech Bag with USB - Bagpacker Bag for Men, 17 inch Laptop Bags for Multipurpose with Water-resistant, Smart Bag with Multiple Compartments","2,699",5.0,33
/sspa/click?ie=UTF8&spc=MToyMzU4ODMwNzIwNzk1NTk3OjE2OTI2NDIyMTk6c3BfbXRmOjIwMTI3NjgzODcyMzk4OjowOjo&url=%2FUPPERCASE-Professional-Backpack-resistant-sustainable%2Fdp%2FB0BXFDK5J2%2Fref%3Dsr_1_12_sspa%3Fcrid%3D2M096C61O4MLT%26keywords%3Dbags%26qid%3D1692642219%26sprefix%3Dba%252Caps%252C283%26sr%3D8-12-spons%26sp_csd%3Dd2lkZ2V0TmFtZT1zcF9tdGY%26psc%3D1,"uppercase 26 Ltrs Ryder Professional Laptop Backpack (15.6 Inch) 3x more water resistant sustainable bags with rain proof zippers for Men, Women, Boys and Girls, 750 Days warranty","2,400",4.3,78
/sspa/click?ie=UTF8&spc=MToyMzU4ODMwNzIwNzk1NTk3OjE2OTI2NDIyMTk6c3BfYnRmOjIwMTI1ODk5OTIwNjk4OjowOjo&url=%2FUppercase-Professional-Backpack-Resistant-Sustainable%2Fdp%2FB0BWNBQXDZ%2Fref%3Dsr_1_21_sspa%3Fcrid%3D2M096C61O4MLT%26keywords%3Dbags%26qid%3D1692642219%26sprefix%3Dba%252Caps%252C283%26sr%3D8-21-spons%26sp_csd%3Dd2lkZ2V0TmFtZT1zcF9idGY%26psc%3D1,"uppercase Apex Professional Laptop Backpack (15.6 Inch) 3x more water resistant sustainable bags with rain proof zippers for Men, Women, Boys and Girls, 750 Days warranty","1,800",4.4,89
/sspa/click?ie=UTF8&spc=MToyMzU4ODMwNzIwNzk1NTk3OjE2OTI2NDIyMTk6c3BfYnRmOjIwMTQ1OTk1NzYyMTk4OjowOjo&url=%2FHalf-Moon-Curiosity-Backpack-Resistant%2Fdp%2FB09S3ZK3N1%2Fref%3Dsr_1_22_sspa%3Fcrid%3D2M096C61O4MLT%26keywords%3Dbags%26qid%3D1692642219%26sprefix%3Dba%252Caps%252C283%26sr%3D8-22-spons%26sp_csd%3Dd2lkZ2V0TmFtZT1zcF9idGY%26psc%3D1,"Half Moon Curiosity 35L Water Resistant 15.6"" Laptop Bag for Men/Backpack for Men, Black | Office Bag for Men/Office Bag for Women with Padded Laptop Compartment | Rain Cover & Slim Durable Backpack",849,3.8,190
/sspa/click?ie=UTF8&spc=MTozMTQxNjYyNDQwMTMxNTk3OjE2OTI2NDIyMjE6c3BfYXRmOjIwMDYzNzg0NDU4Mzk4OjowOjo&url=%2Fuppercase-Backpack-2300EBP1-repellent-sustainable%2Fdp%2FB0B69M182Q%2Fref%3Dsr_1_1_sspa%3Fcrid%3D2M096C61O4MLT%26keywords%3Dbags%26qid%3D1692642221%26sprefix%3Dba%252Caps%252C283%26sr%3D8-1-spons%26sp_csd%3Dd2lkZ2V0TmFtZT1zcF9hdGY%26psc%3D1,"uppercase Medium 17 Ltrs Vegan Leather (upto 14 inch) Laptop Backpack 2300EBP1 3x more water resistant sustainable bags with rain proof zippers for Men, Women, Boys and Girls, 750 Days warranty","1,600",4.0,540
/sspa/click?ie=UTF8&spc=MTozMTQxNjYyNDQwMTMxNTk3OjE2OTI2NDIyMjE6c3BfYXRmOjMwMDAzMTEyMzAzNDIzMjo6MDo6&url=%2FPromate-Messenger-Water-Resistant-Detachable-Anti-Theft%2Fdp%2FB07FDXXL2L%2Fref%3Dsr_1_2_sspa%3Fcrid%3D2M096C61O4MLT%26keywords%3Dbags%26qid%3D1692642221%26sprefix%3Dba%252Caps%252C283%26sr%3D8-2-spons%26sp_csd%3Dd2lkZ2V0TmFtZT1zcF9hdGY%26psc%3D1,"Promate Akita-MB 16"" Laptop Messenger Bag, Premium Water-Resistant Shoulder Bag with Secure Quick Access Pocket, Detachable String and Anti-Theft Pocket for Laptops, Documents (Black)","1,999",5.0,5
/sspa/click?ie=UTF8&spc=MTozMTQxNjYyNDQwMTMxNTk3OjE2OTI2NDIyMjE6c3BfbXRmOjMwMDAxMjMzOTQzMjgzMjo6MDo6&url=%2FHOEXL-Expandable-Laptop-Backpack-Water-resistant%2Fdp%2FB0C3J2RLHP%2Fref%3Dsr_1_11_sspa%3Fcrid%3D2M096C61O4MLT%26keywords%3Dbags%26qid%3D1692642221%26sprefix%3Dba%252Caps%252C283%26sr%3D8-11-spons%26sp_csd%3Dd2lkZ2V0TmFtZT1zcF9tdGY%26psc%3D1,"HOEXL 42L Expandable Laptop Backpack - Premium Laptop Backpacks for Men, Women for Travel, School, College - Tech Bag with USB - Bagpacker Bag for Men, 17 inch Laptop Bags for Multipurpose with Water-resistant, Smart Bag with Multiple Compartments","2,699",5.0,33
/sspa/click?ie=UTF8&spc=MTozMTQxNjYyNDQwMTMxNTk3OjE2OTI2NDIyMjE6c3BfbXRmOjIwMTI3NjgzODcyMzk4OjowOjo&url=%2FUPPERCASE-Professional-Backpack-resistant-sustainable%2Fdp%2FB0BXFDK5J2%2Fref%3Dsr_1_12_sspa%3Fcrid%3D2M096C61O4MLT%26keywords%3Dbags%26qid%3D1692642221%26sprefix%3Dba%252Caps%252C283%26sr%3D8-12-spons%26sp_csd%3Dd2lkZ2V0TmFtZT1zcF9tdGY%26psc%3D1,"uppercase 26 Ltrs Ryder Professional Laptop Backpack (15.6 Inch) 3x more water resistant sustainable bags with rain proof zippers for Men, Women, Boys and Girls, 750 Days warranty","2,400",4.3,78
/sspa/click?ie=UTF8&spc=MTozMTQxNjYyNDQwMTMxNTk3OjE2OTI2NDIyMjE6c3BfYnRmOjIwMTI1ODk5OTIwNjk4OjowOjo&url=%2FUppercase-Professional-Backpack-Resistant-Sustainable%2Fdp%2FB0BWNBQXDZ%2Fref%3Dsr_1_21_sspa%3Fcrid%3D2M096C61O4MLT%26keywords%3Dbags%26qid%3D1692642221%26sprefix%3Dba%252Caps%252C283%26sr%3D8-21-spons%26sp_csd%3Dd2lkZ2V0TmFtZT1zcF9idGY%26psc%3D1,"uppercase Apex Professional Laptop Backpack (15.6 Inch) 3x more water resistant sustainable bags with rain proof zippers for Men, Women, Boys and Girls, 750 Days warranty","1,800",4.4,89
/sspa/click?ie=UTF8&spc=MTozMTQxNjYyNDQwMTMxNTk3OjE2OTI2NDIyMjE6c3BfYnRmOjIwMTQ1OTk1NzYyMTk4OjowOjo&url=%2FHalf-Moon-Curiosity-Backpack-Resistant%2Fdp%2FB09S3ZK3N1%2Fref%3Dsr_1_22_sspa%3Fcrid%3D2M096C61O4MLT%26keywords%3Dbags%26qid%3D1692642221%26sprefix%3Dba%252Caps%252C283%26sr%3D8-22-spons%26sp_csd%3Dd2lkZ2V0TmFtZT1zcF9idGY%26psc%3D1,"Half Moon Curiosity 35L Water Resistant 15.6"" Laptop Bag for Men/Backpack for Men, Black | Office Bag for Men/Office Bag for Women with Padded Laptop Compartment | Rain Cover & Slim Durable Backpack",849,3.8,190
/sspa/click?ie=UTF8&spc=MToyNjIzODg1MDkzMzg3NTk3OjE2OTI2NDIyMjM6c3BfYXRmOjIwMDYzNzg0NDU4Mzk4OjowOjo&url=%2Fuppercase-Backpack-2300EBP1-repellent-sustainable%2Fdp%2FB0B69M182Q%2Fref%3Dsr_1_1_sspa%3Fcrid%3D2M096C61O4MLT%26keywords%3Dbags%26qid%3D1692642223%26sprefix%3Dba%252Caps%252C283%26sr%3D8-1-spons%26sp_csd%3Dd2lkZ2V0TmFtZT1zcF9hdGY%26psc%3D1,"uppercase Medium 17 Ltrs Vegan Leather (upto 14 inch) Laptop Backpack 2300EBP1 3x more water resistant sustainable bags with rain proof zippers for Men, Women, Boys and Girls, 750 Days warranty","1,600",4.0,540
/sspa/click?ie=UTF8&spc=MToyNjIzODg1MDkzMzg3NTk3OjE2OTI2NDIyMjM6c3BfYXRmOjMwMDAzMTEyMzAzNDIzMjo6MDo6&url=%2FPromate-Messenger-Water-Resistant-Detachable-Anti-Theft%2Fdp%2FB07FDXXL2L%2Fref%3Dsr_1_2_sspa%3Fcrid%3D2M096C61O4MLT%26keywords%3Dbags%26qid%3D1692642223%26sprefix%3Dba%252Caps%252C283%26sr%3D8-2-spons%26sp_csd%3Dd2lkZ2V0TmFtZT1zcF9hdGY%26psc%3D1,"Promate Akita-MB 16"" Laptop Messenger Bag, Premium Water-Resistant Shoulder Bag with Secure Quick Access Pocket, Detachable String and Anti-Theft Pocket for Laptops, Documents (Black)","1,999",5.0,5
/sspa/click?ie=UTF8&spc=MToyNjIzODg1MDkzMzg3NTk3OjE2OTI2NDIyMjM6c3BfbXRmOjMwMDAxMjMzOTQzMjgzMjo6MDo6&url=%2FHOEXL-Expandable-Laptop-Backpack-Water-resistant%2Fdp%2FB0C3J2RLHP%2Fref%3Dsr_1_11_sspa%3Fcrid%3D2M096C61O4MLT%26keywords%3Dbags%26qid%3D1692642223%26sprefix%3Dba%252Caps%252C283%26sr%3D8-11-spons%26sp_csd%3Dd2lkZ2V0TmFtZT1zcF9tdGY%26psc%3D1,"HOEXL 42L Expandable Laptop Backpack - Premium Laptop Backpacks for Men, Women for Travel, School, College - Tech Bag with USB - Bagpacker Bag for Men, 17 inch Laptop Bags for Multipurpose with Water-resistant, Smart Bag with Multiple Compartments","2,699",5.0,33
/sspa/click?ie=UTF8&spc=MToyNjIzODg1MDkzMzg3NTk3OjE2OTI2NDIyMjM6c3BfbXRmOjIwMTI3NjgzODcyMzk4OjowOjo&url=%2FUPPERCASE-Professional-Backpack-resistant-sustainable%2Fdp%2FB0BXFDK5J2%2Fref%3Dsr_1_12_sspa%3Fcrid%3D2M096C61O4MLT%26keywords%3Dbags%26qid%3D1692642223%26sprefix%3Dba%252Caps%252C283%26sr%3D8-12-spons%26sp_csd%3Dd2lkZ2V0TmFtZT1zcF9tdGY%26psc%3D1,"uppercase 26 Ltrs Ryder Professional Laptop Backpack (15.6 Inch) 3x more water resistant sustainable bags with rain proof zippers for Men, Women, Boys and Girls, 750 Days warranty","2,400",4.3,78
/sspa/click?ie=UTF8&spc=MToyNjIzODg1MDkzMzg3NTk3OjE2OTI2NDIyMjM6c3BfYnRmOjIwMTI1ODk5OTIwNjk4OjowOjo&url=%2FUppercase-Professional-Backpack-Resistant-Sustainable%2Fdp%2FB0BWNBQXDZ%2Fref%3Dsr_1_21_sspa%3Fcrid%3D2M096C61O4MLT%26keywords%3Dbags%26qid%3D1692642223%26sprefix%3Dba%252Caps%252C283%26sr%3D8-21-spons%26sp_csd%3Dd2lkZ2V0TmFtZT1zcF9idGY%26psc%3D1,"uppercase Apex Professional Laptop Backpack (15.6 Inch) 3x more water resistant sustainable bags with rain proof zippers for Men, Women, Boys and Girls, 750 Days warranty","1,800",4.4,89
/sspa/click?ie=UTF8&spc=MToyNjIzODg1MDkzMzg3NTk3OjE2OTI2NDIyMjM6c3BfYnRmOjIwMTQ1OTk1NzYyMTk4OjowOjo&url=%2FHalf-Moon-Curiosity-Backpack-Resistant%2Fdp%2FB09S3ZK3N1%2Fref%3Dsr_1_22_sspa%3Fcrid%3D2M096C61O4MLT%26keywords%3Dbags%26qid%3D1692642223%26sprefix%3Dba%252Caps%252C283%26sr%3D8-22-spons%26sp_csd%3Dd2lkZ2V0TmFtZT1zcF9idGY%26psc%3D1,"Half Moon Curiosity 35L Water Resistant 15.6"" Laptop Bag for Men/Backpack for Men, Black | Office Bag for Men/Office Bag for Women with Padded Laptop Compartment | Rain Cover & Slim Durable Backpack",849,3.8,190
/sspa/click?ie=UTF8&spc=MTo1ODI3NDk5NTEyMzk4NTk3OjE2OTI2NDIyMjU6c3BfYXRmOjIwMDYzNzg0NDU4Mzk4OjowOjo&url=%2Fuppercase-Backpack-2300EBP1-repellent-sustainable%2Fdp%2FB0B69M182Q%2Fref%3Dsr_1_1_sspa%3Fcrid%3D2M096C61O4MLT%26keywords%3Dbags%26qid%3D1692642225%26sprefix%3Dba%252Caps%252C283%26sr%3D8-1-spons%26sp_csd%3Dd2lkZ2V0TmFtZT1zcF9hdGY%26psc%3D1,"uppercase Medium 17 Ltrs Vegan Leather (upto 14 inch) Laptop Backpack 2300EBP1 3x more water resistant sustainable bags with rain proof zippers for Men, Women, Boys and Girls, 750 Days warranty","1,600",4.0,540
/sspa/click?ie=UTF8&spc=MTo1ODI3NDk5NTEyMzk4NTk3OjE2OTI2NDIyMjU6c3BfYXRmOjMwMDAzMTEyMzAzNDIzMjo6MDo6&url=%2FPromate-Messenger-Water-Resistant-Detachable-Anti-Theft%2Fdp%2FB07FDXXL2L%2Fref%3Dsr_1_2_sspa%3Fcrid%3D2M096C61O4MLT%26keywords%3Dbags%26qid%3D1692642225%26sprefix%3Dba%252Caps%252C283%26sr%3D8-2-spons%26sp_csd%3Dd2lkZ2V0TmFtZT1zcF9hdGY%26psc%3D1,"Promate Akita-MB 16"" Laptop Messenger Bag, Premium Water-Resistant Shoulder Bag with Secure Quick Access Pocket, Detachable String and Anti-Theft Pocket for Laptops, Documents (Black)","1,999",5.0,5
/sspa/click?ie=UTF8&spc=MTo1ODI3NDk5NTEyMzk4NTk3OjE2OTI2NDIyMjU6c3BfbXRmOjMwMDAxMjMzOTQzMjgzMjo6MDo6&url=%2FHOEXL-Expandable-Laptop-Backpack-Water-resistant%2Fdp%2FB0C3J2RLHP%2Fref%3Dsr_1_11_sspa%3Fcrid%3D2M096C61O4MLT%26keywords%3Dbags%26qid%3D1692642225%26sprefix%3Dba%252Caps%252C283%26sr%3D8-11-spons%26sp_csd%3Dd2lkZ2V0TmFtZT1zcF9tdGY%26psc%3D1,"HOEXL 42L Expandable Laptop Backpack - Premium Laptop Backpacks for Men, Women for Travel, School, College - Tech Bag with USB - Bagpacker Bag for Men, 17 inch Laptop Bags for Multipurpose with Water-resistant, Smart Bag with Multiple Compartments","2,699",5.0,33
/sspa/click?ie=UTF8&spc=MTo1ODI3NDk5NTEyMzk4NTk3OjE2OTI2NDIyMjU6c3BfbXRmOjIwMTI3NjgzODcyMzk4OjowOjo&url=%2FUPPERCASE-Professional-Backpack-resistant-sustainable%2Fdp%2FB0BXFDK5J2%2Fref%3Dsr_1_12_sspa%3Fcrid%3D2M096C61O4MLT%26keywords%3Dbags%26qid%3D1692642225%26sprefix%3Dba%252Caps%252C283%26sr%3D8-12-spons%26sp_csd%3Dd2lkZ2V0TmFtZT1zcF9tdGY%26psc%3D1,"uppercase 26 Ltrs Ryder Professional Laptop Backpack (15.6 Inch) 3x more water resistant sustainable bags with rain proof zippers for Men, Women, Boys and Girls, 750 Days warranty","2,400",4.3,78
/sspa/click?ie=UTF8&spc=MTo1ODI3NDk5NTEyMzk4NTk3OjE2OTI2NDIyMjU6c3BfYnRmOjIwMTI1ODk5OTIwNjk4OjowOjo&url=%2FUppercase-Professional-Backpack-Resistant-Sustainable%2Fdp%2FB0BWNBQXDZ%2Fref%3Dsr_1_21_sspa%3Fcrid%3D2M096C61O4MLT%26keywords%3Dbags%26qid%3D1692642225%26sprefix%3Dba%252Caps%252C283%26sr%3D8-21-spons%26sp_csd%3Dd2lkZ2V0TmFtZT1zcF9idGY%26psc%3D1,"uppercase Apex Professional Laptop Backpack (15.6 Inch) 3x more water resistant sustainable bags with rain proof zippers for Men, Women, Boys and Girls, 750 Days warranty","1,800",4.4,89
/sspa/click?ie=UTF8&spc=MTo1ODI3NDk5NTEyMzk4NTk3OjE2OTI2NDIyMjU6c3BfYnRmOjIwMTQ1OTk1NzYyMTk4OjowOjo&url=%2FHalf-Moon-Curiosity-Backpack-Resistant%2Fdp%2FB09S3ZK3N1%2Fref%3Dsr_1_22_sspa%3Fcrid%3D2M096C61O4MLT%26keywords%3Dbags%26qid%3D1692642225%26sprefix%3Dba%252Caps%252C283%26sr%3D8-22-spons%26sp_csd%3Dd2lkZ2V0TmFtZT1zcF9idGY%26psc%3D1,"Half Moon Curiosity 35L Water Resistant 15.6"" Laptop Bag for Men/Backpack for Men, Black | Office Bag for Men/Office Bag for Women with Padded Laptop Compartment | Rain Cover & Slim Durable Backpack",849,3.8,190
/sspa/click?ie=UTF8&spc=MTo1NjgzNDc1MTUzMzY0NTk3OjE2OTI2NDIyMjg6c3BfYXRmOjIwMDYzNzg0NDU4Mzk4OjowOjo&url=%2Fuppercase-Backpack-2300EBP1-repellent-sustainable%2Fdp%2FB0B69M182Q%2Fref%3Dsr_1_1_sspa%3Fcrid%3D2M096C61O4MLT%26keywords%3Dbags%26qid%3D1692642228%26sprefix%3Dba%252Caps%252C283%26sr%3D8-1-spons%26sp_csd%3Dd2lkZ2V0TmFtZT1zcF9hdGY%26psc%3D1,"uppercase Medium 17 Ltrs Vegan Leather (upto 14 inch) Laptop Backpack 2300EBP1 3x more water resistant sustainable bags with rain proof zippers for Men, Women, Boys and Girls, 750 Days warranty","1,600",4.0,540
/sspa/click?ie=UTF8&spc=MTo1NjgzNDc1MTUzMzY0NTk3OjE2OTI2NDIyMjg6c3BfYXRmOjMwMDAzMTEyMzAzNDIzMjo6MDo6&url=%2FPromate-Messenger-Water-Resistant-Detachable-Anti-Theft%2Fdp%2FB07FDXXL2L%2Fref%3Dsr_1_2_sspa%3Fcrid%3D2M096C61O4MLT%26keywords%3Dbags%26qid%3D1692642228%26sprefix%3Dba%252Caps%252C283%26sr%3D8-2-spons%26sp_csd%3Dd2lkZ2V0TmFtZT1zcF9hdGY%26psc%3D1,"Promate Akita-MB 16"" Laptop Messenger Bag, Premium Water-Resistant Shoulder Bag with Secure Quick Access Pocket, Detachable String and Anti-Theft Pocket for Laptops, Documents (Black)","1,999",5.0,5
/sspa/click?ie=UTF8&spc=MTo1NjgzNDc1MTUzMzY0NTk3OjE2OTI2NDIyMjg6c3BfbXRmOjMwMDAxMjMzOTQzMjgzMjo6MDo6&url=%2FHOEXL-Expandable-Laptop-Backpack-Water-resistant%2Fdp%2FB0C3J2RLHP%2Fref%3Dsr_1_11_sspa%3Fcrid%3D2M096C61O4MLT%26keywords%3Dbags%26qid%3D1692642228%26sprefix%3Dba%252Caps%252C283%26sr%3D8-11-spons%26sp_csd%3Dd2lkZ2V0TmFtZT1zcF9tdGY%26psc%3D1,"HOEXL 42L Expandable Laptop Backpack - Premium Laptop Backpacks for Men, Women for Travel, School, College - Tech Bag with USB - Bagpacker Bag for Men, 17 inch Laptop Bags for Multipurpose with Water-resistant, Smart Bag with Multiple Compartments","2,699",5.0,33
/sspa/click?ie=UTF8&spc=MTo1NjgzNDc1MTUzMzY0NTk3OjE2OTI2NDIyMjg6c3BfbXRmOjIwMTI3NjgzODcyMzk4OjowOjo&url=%2FUPPERCASE-Professional-Backpack-resistant-sustainable%2Fdp%2FB0BXFDK5J2%2Fref%3Dsr_1_12_sspa%3Fcrid%3D2M096C61O4MLT%26keywords%3Dbags%26qid%3D1692642228%26sprefix%3Dba%252Caps%252C283%26sr%3D8-12-spons%26sp_csd%3Dd2lkZ2V0TmFtZT1zcF9tdGY%26psc%3D1,"uppercase 26 Ltrs Ryder Professional Laptop Backpack (15.6 Inch) 3x more water resistant sustainable bags with rain proof zippers for Men, Women, Boys and Girls, 750 Days warranty","2,400",4.3,78
/sspa/click?ie=UTF8&spc=MTo1NjgzNDc1MTUzMzY0NTk3OjE2OTI2NDIyMjg6c3BfYnRmOjIwMTI1ODk5OTIwNjk4OjowOjo&url=%2FUppercase-Professional-Backpack-Resistant-Sustainable%2Fdp%2FB0BWNBQXDZ%2Fref%3Dsr_1_21_sspa%3Fcrid%3D2M096C61O4MLT%26keywords%3Dbags%26qid%3D1692642228%26sprefix%3Dba%252Caps%252C283%26sr%3D8-21-spons%26sp_csd%3Dd2lkZ2V0TmFtZT1zcF9idGY%26psc%3D1,"uppercase Apex Professional Laptop Backpack (15.6 Inch) 3x more water resistant sustainable bags with rain proof zippers for Men, Women, Boys and Girls, 750 Days warranty","1,800",4.4,89
/sspa/click?ie=UTF8&spc=MTo1NjgzNDc1MTUzMzY0NTk3OjE2OTI2NDIyMjg6c3BfYnRmOjIwMTQ1OTk1NzYyMTk4OjowOjo&url=%2FHalf-Moon-Curiosity-Backpack-Resistant%2Fdp%2FB09S3ZK3N1%2Fref%3Dsr_1_22_sspa%3Fcrid%3D2M096C61O4MLT%26keywords%3Dbags%26qid%3D1692642228%26sprefix%3Dba%252Caps%252C283%26sr%3D8-22-spons%26sp_csd%3Dd2lkZ2V0TmFtZT1zcF9idGY%26psc%3D1,"Half Moon Curiosity 35L Water Resistant 15.6"" Laptop Bag for Men/Backpack for Men, Black | Office Bag for Men/Office Bag for Women with Padded Laptop Compartment | Rain Cover & Slim Durable Backpack",849,3.8,190
/sspa/click?ie=UTF8&spc=MTozMDE0MjQwMTk4NTM2NTk3OjE2OTI2NDIyMzA6c3BfYXRmOjIwMDYzNzg0NDU4Mzk4OjowOjo&url=%2Fuppercase-Backpack-2300EBP1-repellent-sustainable%2Fdp%2FB0B69M182Q%2Fref%3Dsr_1_1_sspa%3Fcrid%3D2M096C61O4MLT%26keywords%3Dbags%26qid%3D1692642230%26sprefix%3Dba%252Caps%252C283%26sr%3D8-1-spons%26sp_csd%3Dd2lkZ2V0TmFtZT1zcF9hdGY%26psc%3D1,"uppercase Medium 17 Ltrs Vegan Leather (upto 14 inch) Laptop Backpack 2300EBP1 3x more water resistant sustainable bags with rain proof zippers for Men, Women, Boys and Girls, 750 Days warranty","1,600",4.0,540
/sspa/click?ie=UTF8&spc=MTozMDE0MjQwMTk4NTM2NTk3OjE2OTI2NDIyMzA6c3BfYXRmOjMwMDAzMTEyMzAzNDIzMjo6MDo6&url=%2FPromate-Messenger-Water-Resistant-Detachable-Anti-Theft%2Fdp%2FB07FDXXL2L%2Fref%3Dsr_1_2_sspa%3Fcrid%3D2M096C61O4MLT%26keywords%3Dbags%26qid%3D1692642230%26sprefix%3Dba%252Caps%252C283%26sr%3D8-2-spons%26sp_csd%3Dd2lkZ2V0TmFtZT1zcF9hdGY%26psc%3D1,"Promate Akita-MB 16"" Laptop Messenger Bag, Premium Water-Resistant Shoulder Bag with Secure Quick Access Pocket, Detachable String and Anti-Theft Pocket for Laptops, Documents (Black)","1,999",5.0,5
/sspa/click?ie=UTF8&spc=MTozMDE0MjQwMTk4NTM2NTk3OjE2OTI2NDIyMzA6c3BfbXRmOjMwMDAxMjMzOTQzMjgzMjo6MDo6&url=%2FHOEXL-Expandable-Laptop-Backpack-Water-resistant%2Fdp%2FB0C3J2RLHP%2Fref%3Dsr_1_11_sspa%3Fcrid%3D2M096C61O4MLT%26keywords%3Dbags%26qid%3D1692642230%26sprefix%3Dba%252Caps%252C283%26sr%3D8-11-spons%26sp_csd%3Dd2lkZ2V0TmFtZT1zcF9tdGY%26psc%3D1,"HOEXL 42L Expandable Laptop Backpack - Premium Laptop Backpacks for Men, Women for Travel, School, College - Tech Bag with USB - Bagpacker Bag for Men, 17 inch Laptop Bags for Multipurpose with Water-resistant, Smart Bag with Multiple Compartments","2,699",5.0,33
/sspa/click?ie=UTF8&spc=MTozMDE0MjQwMTk4NTM2NTk3OjE2OTI2NDIyMzA6c3BfbXRmOjIwMTI3NjgzODcyMzk4OjowOjo&url=%2FUPPERCASE-Professional-Backpack-resistant-sustainable%2Fdp%2FB0BXFDK5J2%2Fref%3Dsr_1_12_sspa%3Fcrid%3D2M096C61O4MLT%26keywords%3Dbags%26qid%3D1692642230%26sprefix%3Dba%252Caps%252C283%26sr%3D8-12-spons%26sp_csd%3Dd2lkZ2V0TmFtZT1zcF9tdGY%26psc%3D1,"uppercase 26 Ltrs Ryder Professional Laptop Backpack (15.6 Inch) 3x more water resistant sustainable bags with rain proof zippers for Men, Women, Boys and Girls, 750 Days warranty","2,400",4.3,78
/sspa/click?ie=UTF8&spc=MTozMDE0MjQwMTk4NTM2NTk3OjE2OTI2NDIyMzA6c3BfYnRmOjIwMTI1ODk5OTIwNjk4OjowOjo&url=%2FUppercase-Professional-Backpack-Resistant-Sustainable%2Fdp%2FB0BWNBQXDZ%2Fref%3Dsr_1_21_sspa%3Fcrid%3D2M096C61O4MLT%26keywords%3Dbags%26qid%3D1692642230%26sprefix%3Dba%252Caps%252C283%26sr%3D8-21-spons%26sp_csd%3Dd2lkZ2V0TmFtZT1zcF9idGY%26psc%3D1,"uppercase Apex Professional Laptop Backpack (15.6 Inch) 3x more water resistant sustainable bags with rain proof zippers for Men, Women, Boys and Girls, 750 Days warranty","1,800",4.4,89
/sspa/click?ie=UTF8&spc=MTozMDE0MjQwMTk4NTM2NTk3OjE2OTI2NDIyMzA6c3BfYnRmOjIwMTQ1OTk1NzYyMTk4OjowOjo&url=%2FHalf-Moon-Curiosity-Backpack-Resistant%2Fdp%2FB09S3ZK3N1%2Fref%3Dsr_1_22_sspa%3Fcrid%3D2M096C61O4MLT%26keywords%3Dbags%26qid%3D1692642230%26sprefix%3Dba%252Caps%252C283%26sr%3D8-22-spons%26sp_csd%3Dd2lkZ2V0TmFtZT1zcF9idGY%26psc%3D1,"Half Moon Curiosity 35L Water Resistant 15.6"" Laptop Bag for Men/Backpack for Men, Black | Office Bag for Men/Office Bag for Women with Padded Laptop Compartment | Rain Cover & Slim Durable Backpack",849,3.8,190
/sspa/click?ie=UTF8&spc=MTo4NTA3ODA1MjMwMTkyNTk3OjE2OTI2NDIyMzI6c3BfYXRmOjIwMDYzNzg0NDU4Mzk4OjowOjo&url=%2Fuppercase-Backpack-2300EBP1-repellent-sustainable%2Fdp%2FB0B69M182Q%2Fref%3Dsr_1_1_sspa%3Fcrid%3D2M096C61O4MLT%26keywords%3Dbags%26qid%3D1692642232%26sprefix%3Dba%252Caps%252C283%26sr%3D8-1-spons%26sp_csd%3Dd2lkZ2V0TmFtZT1zcF9hdGY%26psc%3D1,"uppercase Medium 17 Ltrs Vegan Leather (upto 14 inch) Laptop Backpack 2300EBP1 3x more water resistant sustainable bags with rain proof zippers for Men, Women, Boys and Girls, 750 Days warranty","1,600",4.0,540
/sspa/click?ie=UTF8&spc=MTo4NTA3ODA1MjMwMTkyNTk3OjE2OTI2NDIyMzI6c3BfYXRmOjMwMDAzMTEyMzAzNDIzMjo6MDo6&url=%2FPromate-Messenger-Water-Resistant-Detachable-Anti-Theft%2Fdp%2FB07FDXXL2L%2Fref%3Dsr_1_2_sspa%3Fcrid%3D2M096C61O4MLT%26keywords%3Dbags%26qid%3D1692642232%26sprefix%3Dba%252Caps%252C283%26sr%3D8-2-spons%26sp_csd%3Dd2lkZ2V0TmFtZT1zcF9hdGY%26psc%3D1,"Promate Akita-MB 16"" Laptop Messenger Bag, Premium Water-Resistant Shoulder Bag with Secure Quick Access Pocket, Detachable String and Anti-Theft Pocket for Laptops, Documents (Black)","1,999",5.0,5
/sspa/click?ie=UTF8&spc=MTo4NTA3ODA1MjMwMTkyNTk3OjE2OTI2NDIyMzI6c3BfbXRmOjMwMDAxMjMzOTQzMjgzMjo6MDo6&url=%2FHOEXL-Expandable-Laptop-Backpack-Water-resistant%2Fdp%2FB0C3J2RLHP%2Fref%3Dsr_1_11_sspa%3Fcrid%3D2M096C61O4MLT%26keywords%3Dbags%26qid%3D1692642232%26sprefix%3Dba%252Caps%252C283%26sr%3D8-11-spons%26sp_csd%3Dd2lkZ2V0TmFtZT1zcF9tdGY%26psc%3D1,"HOEXL 42L Expandable Laptop Backpack - Premium Laptop Backpacks for Men, Women for Travel, School, College - Tech Bag with USB - Bagpacker Bag for Men, 17 inch Laptop Bags for Multipurpose with Water-resistant, Smart Bag with Multiple Compartments","2,699",5.0,33
/sspa/click?ie=UTF8&spc=MTo4NTA3ODA1MjMwMTkyNTk3OjE2OTI2NDIyMzI6c3BfbXRmOjIwMTI3NjgzODcyMzk4OjowOjo&url=%2FUPPERCASE-Professional-Backpack-resistant-sustainable%2Fdp%2FB0BXFDK5J2%2Fref%3Dsr_1_12_sspa%3Fcrid%3D2M096C61O4MLT%26keywords%3Dbags%26qid%3D1692642232%26sprefix%3Dba%252Caps%252C283%26sr%3D8-12-spons%26sp_csd%3Dd2lkZ2V0TmFtZT1zcF9tdGY%26psc%3D1,"uppercase 26 Ltrs Ryder Professional Laptop Backpack (15.6 Inch) 3x more water resistant sustainable bags with rain proof zippers for Men, Women, Boys and Girls, 750 Days warranty","2,400",4.3,78
/sspa/click?ie=UTF8&spc=MTo4NTA3ODA1MjMwMTkyNTk3OjE2OTI2NDIyMzI6c3BfYnRmOjIwMTI1ODk5OTIwNjk4OjowOjo&url=%2FUppercase-Professional-Backpack-Resistant-Sustainable%2Fdp%2FB0BWNBQXDZ%2Fref%3Dsr_1_21_sspa%3Fcrid%3D2M096C61O4MLT%26keywords%3Dbags%26qid%3D1692642232%26sprefix%3Dba%252Caps%252C283%26sr%3D8-21-spons%26sp_csd%3Dd2lkZ2V0TmFtZT1zcF9idGY%26psc%3D1,"uppercase Apex Professional Laptop Backpack (15.6 Inch) 3x more water resistant sustainable bags with rain proof zippers for Men, Women, Boys and Girls, 750 Days warranty","1,800",4.4,89
/sspa/click?ie=UTF8&spc=MTo4NTA3ODA1MjMwMTkyNTk3OjE2OTI2NDIyMzI6c3BfYnRmOjIwMTQ1OTk1NzYyMTk4OjowOjo&url=%2FHalf-Moon-Curiosity-Backpack-Resistant%2Fdp%2FB09S3ZK3N1%2Fref%3Dsr_1_22_sspa%3Fcrid%3D2M096C61O4MLT%26keywords%3Dbags%26qid%3D1692642232%26sprefix%3Dba%252Caps%252C283%26sr%3D8-22-spons%26sp_csd%3Dd2lkZ2V0TmFtZT1zcF9idGY%26psc%3D1,"Half Moon Curiosity 35L Water Resistant 15.6"" Laptop Bag for Men/Backpack for Men, Black | Office Bag for Men/Office Bag for Women with Padded Laptop Compartment | Rain Cover & Slim Durable Backpack",849,3.8,190
/sspa/click?ie=UTF8&spc=MTo3NDM1NjE1OTA5NTA5NTk3OjE2OTI2NDIyMzQ6c3BfYXRmOjIwMDYzNzg0NDU4Mzk4OjowOjo&url=%2Fuppercase-Backpack-2300EBP1-repellent-sustainable%2Fdp%2FB0B69M182Q%2Fref%3Dsr_1_1_sspa%3Fcrid%3D2M096C61O4MLT%26keywords%3Dbags%26qid%3D1692642234%26sprefix%3Dba%252Caps%252C283%26sr%3D8-1-spons%26sp_csd%3Dd2lkZ2V0TmFtZT1zcF9hdGY%26psc%3D1,"uppercase Medium 17 Ltrs Vegan Leather (upto 14 inch) Laptop Backpack 2300EBP1 3x more water resistant sustainable bags with rain proof zippers for Men, Women, Boys and Girls, 750 Days warranty","1,600",4.0,540
/sspa/click?ie=UTF8&spc=MTo3NDM1NjE1OTA5NTA5NTk3OjE2OTI2NDIyMzQ6c3BfYXRmOjMwMDAzMTEyMzAzNDIzMjo6MDo6&url=%2FPromate-Messenger-Water-Resistant-Detachable-Anti-Theft%2Fdp%2FB07FDXXL2L%2Fref%3Dsr_1_2_sspa%3Fcrid%3D2M096C61O4MLT%26keywords%3Dbags%26qid%3D1692642234%26sprefix%3Dba%252Caps%252C283%26sr%3D8-2-spons%26sp_csd%3Dd2lkZ2V0TmFtZT1zcF9hdGY%26psc%3D1,"Promate Akita-MB 16"" Laptop Messenger Bag, Premium Water-Resistant Shoulder Bag with Secure Quick Access Pocket, Detachable String and Anti-Theft Pocket for Laptops, Documents (Black)","1,999",5.0,5
/sspa/click?ie=UTF8&spc=MTo3NDM1NjE1OTA5NTA5NTk3OjE2OTI2NDIyMzQ6c3BfbXRmOjMwMDAxMjMzOTQzMjgzMjo6MDo6&url=%2FHOEXL-Expandable-Laptop-Backpack-Water-resistant%2Fdp%2FB0C3J2RLHP%2Fref%3Dsr_1_11_sspa%3Fcrid%3D2M096C61O4MLT%26keywords%3Dbags%26qid%3D1692642234%26sprefix%3Dba%252Caps%252C283%26sr%3D8-11-spons%26sp_csd%3Dd2lkZ2V0TmFtZT1zcF9tdGY%26psc%3D1,"HOEXL 42L Expandable Laptop Backpack - Premium Laptop Backpacks for Men, Women for Travel, School, College - Tech Bag with USB - Bagpacker Bag for Men, 17 inch Laptop Bags for Multipurpose with Water-resistant, Smart Bag with Multiple Compartments","2,699",5.0,33
/sspa/click?ie=UTF8&spc=MTo3NDM1NjE1OTA5NTA5NTk3OjE2OTI2NDIyMzQ6c3BfbXRmOjIwMTI3NjgzODcyMzk4OjowOjo&url=%2FUPPERCASE-Professional-Backpack-resistant-sustainable%2Fdp%2FB0BXFDK5J2%2Fref%3Dsr_1_12_sspa%3Fcrid%3D2M096C61O4MLT%26keywords%3Dbags%26qid%3D1692642234%26sprefix%3Dba%252Caps%252C283%26sr%3D8-12-spons%26sp_csd%3Dd2lkZ2V0TmFtZT1zcF9tdGY%26psc%3D1,"uppercase 26 Ltrs Ryder Professional Laptop Backpack (15.6 Inch) 3x more water resistant sustainable bags with rain proof zippers for Men, Women, Boys and Girls, 750 Days warranty","2,400",4.3,78
/sspa/click?ie=UTF8&spc=MTo3NDM1NjE1OTA5NTA5NTk3OjE2OTI2NDIyMzQ6c3BfYnRmOjIwMTI1ODk5OTIwNjk4OjowOjo&url=%2FUppercase-Professional-Backpack-Resistant-Sustainable%2Fdp%2FB0BWNBQXDZ%2Fref%3Dsr_1_21_sspa%3Fcrid%3D2M096C61O4MLT%26keywords%3Dbags%26qid%3D1692642234%26sprefix%3Dba%252Caps%252C283%26sr%3D8-21-spons%26sp_csd%3Dd2lkZ2V0TmFtZT1zcF9idGY%26psc%3D1,"uppercase Apex Professional Laptop Backpack (15.6 Inch) 3x more water resistant sustainable bags with rain proof zippers for Men, Women, Boys and Girls, 750 Days warranty","1,800",4.4,89
/sspa/click?ie=UTF8&spc=MTo3NDM1NjE1OTA5NTA5NTk3OjE2OTI2NDIyMzQ6c3BfYnRmOjIwMTQ1OTk1NzYyMTk4OjowOjo&url=%2FHalf-Moon-Curiosity-Backpack-Resistant%2Fdp%2FB09S3ZK3N1%2Fref%3Dsr_1_22_sspa%3Fcrid%3D2M096C61O4MLT%26keywords%3Dbags%26qid%3D1692642234%26sprefix%3Dba%252Caps%252C283%26sr%3D8-22-spons%26sp_csd%3Dd2lkZ2V0TmFtZT1zcF9idGY%26psc%3D1,"Half Moon Curiosity 35L Water Resistant 15.6"" Laptop Bag for Men/Backpack for Men, Black | Office Bag for Men/Office Bag for Women with Padded Laptop Compartment | Rain Cover & Slim Durable Backpack",849,3.8,190
